date,time,name,symbol,current_price,historical_price
2024-11-01,15:14:56,Bitcoin,bitcoin,97244.0,70923.82801277052
2024-11-01,16:06:16,Bitcoin,bitcoin,97244.0,69345.35372545556
2024-11-01,17:02:35,Bitcoin,bitcoin,97244.0,69844.9093361785
2024-11-01,18:09:23,Bitcoin,bitcoin,97244.0,69503.6636049073
2024-11-01,19:21:28,Bitcoin,bitcoin,97244.0,69020.89099716532
2024-11-01,20:04:24,Bitcoin,bitcoin,97244.0,69284.71677804172
2024-11-01,21:19:49,Bitcoin,bitcoin,97244.0,69209.0988065412
2024-11-01,22:17:02,Bitcoin,bitcoin,97244.0,69384.28811999508
2024-11-01,23:18:09,Bitcoin,bitcoin,97244.0,69544.59650276595
2024-11-02,00:02:18,Bitcoin,bitcoin,97244.0,69473.056978763
2024-11-02,01:04:39,Bitcoin,bitcoin,97244.0,69662.79463761573
2024-11-02,02:09:30,Bitcoin,bitcoin,97244.0,69655.48607358806
2024-11-02,03:01:15,Bitcoin,bitcoin,97244.0,69642.32638674723
2024-11-02,04:02:49,Bitcoin,bitcoin,97244.0,69574.92942499154
2024-11-02,05:07:46,Bitcoin,bitcoin,97244.0,69430.40242682816
2024-11-02,06:11:46,Bitcoin,bitcoin,97244.0,69658.3822595126
2024-11-02,07:04:12,Bitcoin,bitcoin,97244.0,69728.32471611118
2024-11-02,08:20:33,Bitcoin,bitcoin,97244.0,69722.73091171448
2024-11-02,09:01:25,Bitcoin,bitcoin,97244.0,69624.21859828541
2024-11-02,10:20:08,Bitcoin,bitcoin,97244.0,69448.83294024071
2024-11-02,11:22:06,Bitcoin,bitcoin,97244.0,69607.56677909252
2024-11-02,12:11:33,Bitcoin,bitcoin,97244.0,69616.25877582343
2024-11-02,13:12:12,Bitcoin,bitcoin,97244.0,69475.82848467823
2024-11-02,14:08:09,Bitcoin,bitcoin,97244.0,69312.32127397711
2024-11-02,15:16:16,Bitcoin,bitcoin,97244.0,69183.82877819541
2024-11-02,16:05:49,Bitcoin,bitcoin,97244.0,69412.9332576336
2024-11-02,17:15:16,Bitcoin,bitcoin,97244.0,69519.99938972613
2024-11-02,18:19:12,Bitcoin,bitcoin,97244.0,69268.54156350248
2024-11-02,19:05:27,Bitcoin,bitcoin,97244.0,69413.3617711876
2024-11-02,20:15:30,Bitcoin,bitcoin,97244.0,69482.80313086542
2024-11-02,21:13:15,Bitcoin,bitcoin,97244.0,69459.2861779806
2024-11-02,22:09:30,Bitcoin,bitcoin,97244.0,69387.39205984579
2024-11-02,23:10:31,Bitcoin,bitcoin,97244.0,69258.7473726412
2024-11-03,00:21:23,Bitcoin,bitcoin,97244.0,69362.07666610858
2024-11-03,01:11:33,Bitcoin,bitcoin,97244.0,69123.04621984242
2024-11-03,02:06:00,Bitcoin,bitcoin,97244.0,68922.6957934696
2024-11-03,03:13:03,Bitcoin,bitcoin,97244.0,68339.87988613642
2024-11-03,04:05:00,Bitcoin,bitcoin,97244.0,68324.71891845985
2024-11-03,05:06:24,Bitcoin,bitcoin,97244.0,68573.7088243111
2024-11-03,06:05:47,Bitcoin,bitcoin,97244.0,68446.97493204614
2024-11-03,07:03:23,Bitcoin,bitcoin,97244.0,68549.87880698167
2024-11-03,08:03:51,Bitcoin,bitcoin,97244.0,68367.69327347612
2024-11-03,09:01:03,Bitcoin,bitcoin,97244.0,68450.37288501477
2024-11-03,10:05:30,Bitcoin,bitcoin,97244.0,68200.49111764514
2024-11-03,11:09:45,Bitcoin,bitcoin,97244.0,68373.76000281492
2024-11-03,12:10:10,Bitcoin,bitcoin,97244.0,68370.90018503387
2024-11-03,13:08:41,Bitcoin,bitcoin,97244.0,68390.71618098798
2024-11-03,14:19:06,Bitcoin,bitcoin,97244.0,68048.91908317909
2024-11-03,15:18:36,Bitcoin,bitcoin,97244.0,67719.13813560325
2024-11-03,16:02:49,Bitcoin,bitcoin,97244.0,68096.68332008435
2024-11-03,17:11:13,Bitcoin,bitcoin,97244.0,68439.14241616528
2024-11-03,18:04:39,Bitcoin,bitcoin,97244.0,68340.85707100407
2024-11-03,19:11:53,Bitcoin,bitcoin,97244.0,68313.76539011773
2024-11-03,20:19:06,Bitcoin,bitcoin,97244.0,68533.57811739066
2024-11-03,21:20:55,Bitcoin,bitcoin,97244.0,69102.91649492079
2024-11-03,22:05:46,Bitcoin,bitcoin,97244.0,69113.85653675799
2024-11-03,23:00:25,Bitcoin,bitcoin,97244.0,68910.25635002193
2024-11-04,00:05:32,Bitcoin,bitcoin,97244.0,68736.01833017307
2024-11-04,01:01:40,Bitcoin,bitcoin,97244.0,68593.94033671275
2024-11-04,02:17:43,Bitcoin,bitcoin,97244.0,68850.9066242415
2024-11-04,03:05:57,Bitcoin,bitcoin,97244.0,69317.98487239552
2024-11-04,04:02:27,Bitcoin,bitcoin,97244.0,68980.29446757899
2024-11-04,05:19:51,Bitcoin,bitcoin,97244.0,69077.44677984508
2024-11-04,06:14:30,Bitcoin,bitcoin,97244.0,68909.56966678747
2024-11-04,07:18:32,Bitcoin,bitcoin,97244.0,68985.50374870904
2024-11-04,08:18:50,Bitcoin,bitcoin,97244.0,68639.82285689418
2024-11-04,09:10:57,Bitcoin,bitcoin,97244.0,68816.40479951414
2024-11-04,10:09:51,Bitcoin,bitcoin,97244.0,68795.77488955649
2024-11-04,11:10:28,Bitcoin,bitcoin,97244.0,68634.09173414594
2024-11-04,12:13:47,Bitcoin,bitcoin,97244.0,68846.44085070644
2024-11-04,13:08:52,Bitcoin,bitcoin,97244.0,69021.33175867966
2024-11-04,14:11:19,Bitcoin,bitcoin,97244.0,68588.81574774935
2024-11-04,15:07:23,Bitcoin,bitcoin,97244.0,68369.51093993724
2024-11-04,16:09:13,Bitcoin,bitcoin,97244.0,68447.31631587596
2024-11-04,17:21:00,Bitcoin,bitcoin,97244.0,67502.47660613543
2024-11-04,18:10:36,Bitcoin,bitcoin,97244.0,67627.43829020744
2024-11-04,19:15:46,Bitcoin,bitcoin,97244.0,67939.35870942277
2024-11-04,20:09:10,Bitcoin,bitcoin,97244.0,67704.72935070655
2024-11-04,21:09:20,Bitcoin,bitcoin,97244.0,67393.7564421
2024-11-04,22:13:26,Bitcoin,bitcoin,97244.0,67568.50664501051
2024-11-04,23:18:37,Bitcoin,bitcoin,97244.0,67826.1359557712
2024-11-05,00:19:04,Bitcoin,bitcoin,97244.0,67924.02766135675
2024-11-05,01:17:54,Bitcoin,bitcoin,97244.0,67974.24898631287
2024-11-05,02:01:12,Bitcoin,bitcoin,97244.0,67931.88800999154
2024-11-05,03:02:01,Bitcoin,bitcoin,97244.0,67845.07318578624
2024-11-05,04:18:16,Bitcoin,bitcoin,97244.0,68328.4164233378
2024-11-05,05:06:44,Bitcoin,bitcoin,97244.0,68294.71262749047
2024-11-05,06:20:05,Bitcoin,bitcoin,97244.0,68558.36997760697
2024-11-05,07:07:03,Bitcoin,bitcoin,97244.0,68707.34384729121
2024-11-05,08:10:47,Bitcoin,bitcoin,97244.0,68967.05194821829
2024-11-05,09:04:50,Bitcoin,bitcoin,97244.0,68937.32582515034
2024-11-05,10:07:20,Bitcoin,bitcoin,97244.0,68682.27903791916
2024-11-05,11:11:33,Bitcoin,bitcoin,97244.0,68832.98707632454
2024-11-05,12:07:50,Bitcoin,bitcoin,97244.0,68777.97846846403
2024-11-05,13:04:34,Bitcoin,bitcoin,97244.0,68800.13180127917
2024-11-05,14:06:09,Bitcoin,bitcoin,97244.0,68759.63086773353
2024-11-05,15:09:21,Bitcoin,bitcoin,97244.0,69850.61648060023
2024-11-05,16:09:39,Bitcoin,bitcoin,97244.0,69671.65571483735
2024-11-05,17:21:20,Bitcoin,bitcoin,97244.0,70389.62319708361
2024-11-05,18:12:06,Bitcoin,bitcoin,97244.0,70114.02124251303
2024-11-05,19:13:17,Bitcoin,bitcoin,97244.0,70156.71599748162
2024-11-05,20:11:16,Bitcoin,bitcoin,97244.0,69524.61018992226
2024-11-05,21:11:53,Bitcoin,bitcoin,97244.0,69351.55656588548
2024-11-05,22:19:59,Bitcoin,bitcoin,97244.0,69176.4744254778
2024-11-05,23:00:43,Bitcoin,bitcoin,97244.0,69432.88590833399
2024-11-06,00:09:09,Bitcoin,bitcoin,97244.0,69504.64326298269
2024-11-06,01:15:34,Bitcoin,bitcoin,97244.0,71328.5756209915
2024-11-06,02:09:17,Bitcoin,bitcoin,97244.0,71048.75270008823
2024-11-06,03:18:39,Bitcoin,bitcoin,97244.0,73936.29150188176
2024-11-06,04:09:22,Bitcoin,bitcoin,97244.0,74000.5371531924
2024-11-06,05:05:34,Bitcoin,bitcoin,97244.0,74299.18772919537
2024-11-06,06:06:26,Bitcoin,bitcoin,97244.0,75022.53629119486
2024-11-06,07:02:27,Bitcoin,bitcoin,97244.0,74272.95408891501
2024-11-06,08:13:44,Bitcoin,bitcoin,97244.0,73307.1307149019
2024-11-06,09:05:00,Bitcoin,bitcoin,97244.0,73506.11823613301
2024-11-06,10:08:26,Bitcoin,bitcoin,97244.0,73638.06846083663
2024-11-06,11:06:44,Bitcoin,bitcoin,97244.0,73779.16419876672
2024-11-06,12:05:08,Bitcoin,bitcoin,97244.0,74327.86852109231
2024-11-06,13:09:30,Bitcoin,bitcoin,97244.0,74176.8539732264
2024-11-06,14:03:36,Bitcoin,bitcoin,97244.0,74014.03548915165
2024-11-06,15:17:16,Bitcoin,bitcoin,97244.0,74354.32682073387
2024-11-06,16:16:59,Bitcoin,bitcoin,97244.0,74528.31026547153
2024-11-06,17:09:45,Bitcoin,bitcoin,97244.0,74397.36292697465
2024-11-06,18:16:43,Bitcoin,bitcoin,97244.0,74893.74464808198
2024-11-06,19:08:43,Bitcoin,bitcoin,97244.0,75235.53022548991
2024-11-06,20:17:31,Bitcoin,bitcoin,97244.0,76040.25999082449
2024-11-06,21:16:12,Bitcoin,bitcoin,97244.0,76187.62076255208
2024-11-06,22:03:36,Bitcoin,bitcoin,97244.0,76002.14796147916
2024-11-06,23:06:51,Bitcoin,bitcoin,97244.0,75690.64678719686
2024-11-07,00:04:41,Bitcoin,bitcoin,97244.0,75640.3926009892
2024-11-07,01:01:47,Bitcoin,bitcoin,97244.0,75408.0514621776
2024-11-07,02:21:25,Bitcoin,bitcoin,97244.0,75319.5314978559
2024-11-07,03:11:21,Bitcoin,bitcoin,97244.0,75126.99542191428
2024-11-07,04:23:53,Bitcoin,bitcoin,97244.0,74818.08888361754
2024-11-07,05:12:36,Bitcoin,bitcoin,97244.0,74796.04287523964
2024-11-07,06:13:04,Bitcoin,bitcoin,97244.0,74568.22208113849
2024-11-07,07:12:11,Bitcoin,bitcoin,97244.0,74904.62153102465
2024-11-07,08:03:42,Bitcoin,bitcoin,97244.0,74810.51954875953
2024-11-07,09:16:09,Bitcoin,bitcoin,97244.0,75111.30418782392
2024-11-07,10:04:32,Bitcoin,bitcoin,97244.0,74951.55773993643
2024-11-07,11:14:17,Bitcoin,bitcoin,97244.0,74977.27820554851
2024-11-07,12:12:14,Bitcoin,bitcoin,97244.0,74907.2812906931
2024-11-07,13:05:40,Bitcoin,bitcoin,97244.0,75039.68272471422
2024-11-07,14:08:23,Bitcoin,bitcoin,97244.0,74807.69649728524
2024-11-07,15:12:11,Bitcoin,bitcoin,97244.0,74939.60348749362
2024-11-07,16:06:55,Bitcoin,bitcoin,97244.0,76025.81096678146
2024-11-07,17:09:20,Bitcoin,bitcoin,97244.0,76008.9815913615
2024-11-07,18:02:11,Bitcoin,bitcoin,97244.0,76382.74840111578
2024-11-07,19:11:32,Bitcoin,bitcoin,97244.0,76238.96337102703
2024-11-07,20:20:48,Bitcoin,bitcoin,97244.0,76683.43596935458
2024-11-07,21:19:15,Bitcoin,bitcoin,97244.0,76487.56152478016
2024-11-07,22:04:51,Bitcoin,bitcoin,97244.0,75927.03204399807
2024-11-07,23:01:06,Bitcoin,bitcoin,97244.0,75862.29356974358
2024-11-08,00:00:45,Bitcoin,bitcoin,97244.0,75987.24178320667
2024-11-08,01:15:58,Bitcoin,bitcoin,97244.0,76177.71842078357
2024-11-08,02:01:18,Bitcoin,bitcoin,97244.0,76049.3923531652
2024-11-08,03:09:24,Bitcoin,bitcoin,97244.0,75684.3928133205
2024-11-08,04:08:32,Bitcoin,bitcoin,97244.0,75991.86045731162
2024-11-08,05:02:44,Bitcoin,bitcoin,97244.0,75895.23554225442
2024-11-08,06:02:43,Bitcoin,bitcoin,97244.0,76048.00699233459
2024-11-08,07:14:19,Bitcoin,bitcoin,97244.0,75802.71409730053
2024-11-08,08:00:29,Bitcoin,bitcoin,97244.0,76312.77125341416
2024-11-08,09:08:32,Bitcoin,bitcoin,97244.0,75877.68132612406
2024-11-08,10:00:12,Bitcoin,bitcoin,97244.0,76068.7705738224
2024-11-08,11:18:27,Bitcoin,bitcoin,97244.0,76215.67333064349
2024-11-08,12:02:53,Bitcoin,bitcoin,97244.0,76062.99675251798
2024-11-08,13:16:54,Bitcoin,bitcoin,97244.0,75922.24710082736
2024-11-08,14:17:21,Bitcoin,bitcoin,97244.0,76137.9107113075
2024-11-08,15:09:31,Bitcoin,bitcoin,97244.0,75845.32141756723
2024-11-08,16:19:40,Bitcoin,bitcoin,97244.0,76431.51541992869
2024-11-08,17:14:44,Bitcoin,bitcoin,97244.0,75903.20535130744
2024-11-08,18:07:07,Bitcoin,bitcoin,97244.0,76488.1455999797
2024-11-08,19:11:47,Bitcoin,bitcoin,97244.0,76947.60997539028
2024-11-08,20:18:15,Bitcoin,bitcoin,97244.0,76800.5042768729
2024-11-08,21:09:58,Bitcoin,bitcoin,97244.0,76691.14467570404
2024-11-08,22:17:54,Bitcoin,bitcoin,97244.0,76555.78166108445
2024-11-08,23:11:26,Bitcoin,bitcoin,97244.0,76483.09901550294
2024-11-09,00:21:53,Bitcoin,bitcoin,97244.0,76610.79466152353
2024-11-09,01:05:36,Bitcoin,bitcoin,97244.0,76471.11308356107
2024-11-09,02:16:27,Bitcoin,bitcoin,97244.0,76319.47509440941
2024-11-09,03:04:47,Bitcoin,bitcoin,97244.0,76474.1323278354
2024-11-09,04:10:55,Bitcoin,bitcoin,97244.0,76433.61927559657
2024-11-09,05:03:54,Bitcoin,bitcoin,97244.0,76420.48122670643
2024-11-09,06:17:13,Bitcoin,bitcoin,97244.0,76777.72922022901
2024-11-09,07:03:35,Bitcoin,bitcoin,97244.0,76566.73115141818
2024-11-09,08:12:40,Bitcoin,bitcoin,97244.0,76495.4047063187
2024-11-09,09:16:56,Bitcoin,bitcoin,97244.0,76635.29786603298
2024-11-09,10:12:08,Bitcoin,bitcoin,97244.0,76616.81608172697
2024-11-09,11:01:32,Bitcoin,bitcoin,97244.0,76521.07883541676
2024-11-09,12:06:42,Bitcoin,bitcoin,97244.0,76521.89883115345
2024-11-09,13:18:19,Bitcoin,bitcoin,97244.0,76380.62633315528
2024-11-09,14:11:40,Bitcoin,bitcoin,97244.0,76342.32250953802
2024-11-09,15:12:31,Bitcoin,bitcoin,97244.0,76323.56090614834
2024-11-09,16:07:48,Bitcoin,bitcoin,97244.0,76344.9218899493
2024-11-09,17:02:55,Bitcoin,bitcoin,97244.0,76116.07556240378
2024-11-09,18:01:54,Bitcoin,bitcoin,97244.0,76279.79717970791
2024-11-09,19:05:40,Bitcoin,bitcoin,97244.0,76401.50678174486
2024-11-09,20:06:55,Bitcoin,bitcoin,97244.0,76235.56266624854
2024-11-09,21:17:22,Bitcoin,bitcoin,97244.0,76273.26706300199
2024-11-09,22:14:15,Bitcoin,bitcoin,97244.0,76420.32089609065
2024-11-09,23:16:50,Bitcoin,bitcoin,97244.0,76645.30149345586
2024-11-10,00:15:24,Bitcoin,bitcoin,97244.0,76646.70058729459
2024-11-10,01:11:14,Bitcoin,bitcoin,97244.0,76970.62476975705
2024-11-10,02:14:10,Bitcoin,bitcoin,97244.0,76920.38369977393
2024-11-10,03:01:20,Bitcoin,bitcoin,97244.0,77390.74244917778
2024-11-10,04:11:59,Bitcoin,bitcoin,97244.0,77338.91070727397
2024-11-10,05:11:29,Bitcoin,bitcoin,97244.0,79255.85403317449
2024-11-10,06:06:32,Bitcoin,bitcoin,97244.0,78952.16147811974
2024-11-10,07:17:14,Bitcoin,bitcoin,97244.0,79061.906989299
2024-11-10,08:15:31,Bitcoin,bitcoin,97244.0,78987.4485440283
2024-11-10,09:05:40,Bitcoin,bitcoin,97244.0,79193.46244050356
2024-11-10,10:08:40,Bitcoin,bitcoin,97244.0,79341.49473899079
2024-11-10,11:18:29,Bitcoin,bitcoin,97244.0,79844.24936422959
2024-11-10,12:14:49,Bitcoin,bitcoin,97244.0,79668.02293949606
2024-11-10,13:08:32,Bitcoin,bitcoin,97244.0,79737.13753283337
2024-11-10,14:14:32,Bitcoin,bitcoin,97244.0,79687.47138685943
2024-11-10,15:09:56,Bitcoin,bitcoin,97244.0,79525.63342469053
2024-11-10,16:02:50,Bitcoin,bitcoin,97244.0,79753.65091497928
2024-11-10,17:18:44,Bitcoin,bitcoin,97244.0,79737.65841837798
2024-11-10,18:07:50,Bitcoin,bitcoin,97244.0,80672.70034022776
2024-11-10,19:02:09,Bitcoin,bitcoin,97244.0,80804.32968627992
2024-11-10,20:19:12,Bitcoin,bitcoin,97244.0,79499.77987503516
2024-11-10,21:16:23,Bitcoin,bitcoin,97244.0,78649.59273844388
2024-11-10,22:04:03,Bitcoin,bitcoin,97244.0,79931.957300912
2024-11-10,23:02:25,Bitcoin,bitcoin,97244.0,80600.03416750283
2024-11-11,00:21:15,Bitcoin,bitcoin,97244.0,80525.26287473195
2024-11-11,01:13:35,Bitcoin,bitcoin,97244.0,80435.76087399015
2024-11-11,02:16:23,Bitcoin,bitcoin,97244.0,81464.08366869198
2024-11-11,03:04:00,Bitcoin,bitcoin,97244.0,81475.90641772648
2024-11-11,04:08:16,Bitcoin,bitcoin,97244.0,81674.57955797578
2024-11-11,05:15:29,Bitcoin,bitcoin,97244.0,81535.74228417478
2024-11-11,06:14:10,Bitcoin,bitcoin,97244.0,80938.07137423645
2024-11-11,07:04:43,Bitcoin,bitcoin,97244.0,80948.7190232381
2024-11-11,08:02:24,Bitcoin,bitcoin,97244.0,81191.11578605659
2024-11-11,09:16:18,Bitcoin,bitcoin,97244.0,81539.06022739943
2024-11-11,10:17:51,Bitcoin,bitcoin,97244.0,82174.01489942106
2024-11-11,11:09:13,Bitcoin,bitcoin,97244.0,81980.49339863413
2024-11-11,12:01:43,Bitcoin,bitcoin,97244.0,82245.15914350266
2024-11-11,13:18:12,Bitcoin,bitcoin,97244.0,81780.07940078432
2024-11-11,14:14:41,Bitcoin,bitcoin,97244.0,82180.48935135211
2024-11-11,15:20:27,Bitcoin,bitcoin,97244.0,82964.7712537831
2024-11-11,16:06:04,Bitcoin,bitcoin,97244.0,84088.70443006037
2024-11-11,17:14:40,Bitcoin,bitcoin,97244.0,84678.22798556116
2024-11-11,18:04:32,Bitcoin,bitcoin,97244.0,84688.84419519649
2024-11-11,19:06:53,Bitcoin,bitcoin,97244.0,85653.29541086064
2024-11-11,20:07:26,Bitcoin,bitcoin,97244.0,86497.72438677796
2024-11-11,21:11:45,Bitcoin,bitcoin,97244.0,87116.03613648882
2024-11-11,22:16:14,Bitcoin,bitcoin,97244.0,87446.57204066028
2024-11-11,23:00:43,Bitcoin,bitcoin,97244.0,88117.0604501521
2024-11-12,00:13:59,Bitcoin,bitcoin,97244.0,88102.09667019248
2024-11-12,01:06:32,Bitcoin,bitcoin,97244.0,89050.57290212612
2024-11-12,02:19:54,Bitcoin,bitcoin,97244.0,88677.16665584246
2024-11-12,03:17:34,Bitcoin,bitcoin,97244.0,87908.1096042888
2024-11-12,04:06:42,Bitcoin,bitcoin,97244.0,88190.75886630068
2024-11-12,05:16:54,Bitcoin,bitcoin,97244.0,88526.90126096137
2024-11-12,06:20:42,Bitcoin,bitcoin,97244.0,88464.32598431838
2024-11-12,07:11:14,Bitcoin,bitcoin,97244.0,89256.30393079246
2024-11-12,08:07:44,Bitcoin,bitcoin,97244.0,88995.19935423242
2024-11-12,09:18:51,Bitcoin,bitcoin,97244.0,88406.23216897136
2024-11-12,10:12:42,Bitcoin,bitcoin,97244.0,87802.20943312166
2024-11-12,11:00:56,Bitcoin,bitcoin,97244.0,86330.07868480618
2024-11-12,12:13:16,Bitcoin,bitcoin,97244.0,87787.40056685073
2024-11-12,13:02:52,Bitcoin,bitcoin,97244.0,86449.81632364336
2024-11-12,14:16:19,Bitcoin,bitcoin,97244.0,85969.85782947157
2024-11-12,15:21:21,Bitcoin,bitcoin,97244.0,87431.82489678862
2024-11-12,16:06:44,Bitcoin,bitcoin,97244.0,86430.70558350296
2024-11-12,17:16:41,Bitcoin,bitcoin,97244.0,87524.52715434639
2024-11-12,18:14:15,Bitcoin,bitcoin,97244.0,87322.57329389565
2024-11-12,19:02:51,Bitcoin,bitcoin,97244.0,89022.70173469624
2024-11-12,20:03:17,Bitcoin,bitcoin,97244.0,88751.24336874047
2024-11-12,21:01:50,Bitcoin,bitcoin,97244.0,89645.31830214529
2024-11-12,22:06:23,Bitcoin,bitcoin,97244.0,88232.35646222225
2024-11-12,23:06:18,Bitcoin,bitcoin,97244.0,88114.68779727131
2024-11-13,00:19:26,Bitcoin,bitcoin,97244.0,87803.10732369016
2024-11-13,01:05:49,Bitcoin,bitcoin,97244.0,88175.33221372607
2024-11-13,02:09:46,Bitcoin,bitcoin,97244.0,88229.76457744453
2024-11-13,03:11:03,Bitcoin,bitcoin,97244.0,87896.7454896383
2024-11-13,04:01:37,Bitcoin,bitcoin,97244.0,87596.9364370135
2024-11-13,05:02:15,Bitcoin,bitcoin,97244.0,87312.7750883111
2024-11-13,06:01:31,Bitcoin,bitcoin,97244.0,86634.51511870355
2024-11-13,07:05:06,Bitcoin,bitcoin,97244.0,86572.94191014301
2024-11-13,08:04:06,Bitcoin,bitcoin,97244.0,87457.72745322503
2024-11-13,09:00:28,Bitcoin,bitcoin,97244.0,87366.61234266152
2024-11-13,10:01:34,Bitcoin,bitcoin,97244.0,87521.3457374732
2024-11-13,11:06:08,Bitcoin,bitcoin,97244.0,87700.82586589131
2024-11-13,12:04:00,Bitcoin,bitcoin,97244.0,87768.81021029539
2024-11-13,13:00:40,Bitcoin,bitcoin,97244.0,87812.05472708656
2024-11-13,14:03:07,Bitcoin,bitcoin,97244.0,89236.86447953302
2024-11-13,15:01:17,Bitcoin,bitcoin,97244.0,91723.46724567593
2024-11-13,16:00:41,Bitcoin,bitcoin,97244.0,92453.52920104629
2024-11-13,17:03:20,Bitcoin,bitcoin,97244.0,92468.72696584147
2024-11-13,18:03:36,Bitcoin,bitcoin,97244.0,92276.97182514615
2024-11-13,19:08:50,Bitcoin,bitcoin,97244.0,92356.13825157317
2024-11-13,20:04:38,Bitcoin,bitcoin,97244.0,90313.40464323206
2024-11-13,21:07:42,Bitcoin,bitcoin,97244.0,89117.70324027816
2024-11-13,22:02:15,Bitcoin,bitcoin,97244.0,88565.16346459523
2024-11-13,23:02:18,Bitcoin,bitcoin,97244.0,89777.1153889937
2024-11-14,00:02:57,Bitcoin,bitcoin,97244.0,90540.04771922182
2024-11-14,01:00:51,Bitcoin,bitcoin,97244.0,90266.6711130426
2024-11-14,02:01:28,Bitcoin,bitcoin,97244.0,90469.17946402493
2024-11-14,03:08:05,Bitcoin,bitcoin,97244.0,90026.19960938007
2024-11-14,04:06:05,Bitcoin,bitcoin,97244.0,89782.15725803222
2024-11-14,05:08:41,Bitcoin,bitcoin,97244.0,90169.11432438648
2024-11-14,06:08:08,Bitcoin,bitcoin,97244.0,90187.11920223582
2024-11-14,07:01:02,Bitcoin,bitcoin,97244.0,89628.9012025683
2024-11-14,08:07:28,Bitcoin,bitcoin,97244.0,91042.02007183616
2024-11-14,09:04:55,Bitcoin,bitcoin,97244.0,90635.78113853357
2024-11-14,10:04:14,Bitcoin,bitcoin,97244.0,90990.31071703328
2024-11-14,11:03:45,Bitcoin,bitcoin,97244.0,91139.10355561017
2024-11-14,12:03:34,Bitcoin,bitcoin,97244.0,91557.67720429678
2024-11-14,13:09:22,Bitcoin,bitcoin,97244.0,91292.9912638905
2024-11-14,14:08:45,Bitcoin,bitcoin,97244.0,90759.06655222207
2024-11-14,15:09:32,Bitcoin,bitcoin,97244.0,88990.30638277915
2024-11-14,16:02:07,Bitcoin,bitcoin,97244.0,87991.2937427918
2024-11-14,17:02:25,Bitcoin,bitcoin,97244.0,89193.49380097532
2024-11-14,18:03:03,Bitcoin,bitcoin,97244.0,89297.68693862943
2024-11-14,19:05:22,Bitcoin,bitcoin,97244.0,89134.79380057864
2024-11-14,20:02:58,Bitcoin,bitcoin,97244.0,89479.80214441355
2024-11-14,21:06:17,Bitcoin,bitcoin,97244.0,87622.66631148137
2024-11-14,22:08:24,Bitcoin,bitcoin,97244.0,88297.20896124393
2024-11-14,23:07:00,Bitcoin,bitcoin,97244.0,87388.49514750767
2024-11-15,00:00:52,Bitcoin,bitcoin,97244.0,87407.51273710128
2024-11-15,01:07:04,Bitcoin,bitcoin,97244.0,87997.41665115659
2024-11-15,02:00:54,Bitcoin,bitcoin,97244.0,87929.00318305146
2024-11-15,03:06:47,Bitcoin,bitcoin,97244.0,88363.55931155673
2024-11-15,04:03:33,Bitcoin,bitcoin,97244.0,88247.05049333208
2024-11-15,05:03:01,Bitcoin,bitcoin,97244.0,87482.26849866251
2024-11-15,06:05:01,Bitcoin,bitcoin,97244.0,87741.20444787205
2024-11-15,07:01:41,Bitcoin,bitcoin,97244.0,88210.65302512255
2024-11-15,08:03:44,Bitcoin,bitcoin,97244.0,87675.15710173226
2024-11-15,09:07:46,Bitcoin,bitcoin,97244.0,88161.86754106556
2024-11-15,10:09:25,Bitcoin,bitcoin,97244.0,89093.33412945486
2024-11-15,11:10:21,Bitcoin,bitcoin,97244.0,89465.34096143932
2024-11-15,12:09:02,Bitcoin,bitcoin,97244.0,89838.92611345435
2024-11-15,13:03:21,Bitcoin,bitcoin,97244.0,89713.2974868307
2024-11-15,14:03:58,Bitcoin,bitcoin,97244.0,90162.77349580129
2024-11-15,15:07:24,Bitcoin,bitcoin,97244.0,88887.30179103244
2024-11-15,16:11:07,Bitcoin,bitcoin,97244.0,88823.31438192686
2024-11-15,17:06:32,Bitcoin,bitcoin,97244.0,89483.7706056713
2024-11-15,18:06:25,Bitcoin,bitcoin,97244.0,89409.77028722732
2024-11-15,19:09:26,Bitcoin,bitcoin,97244.0,89300.57896422037
2024-11-15,20:08:30,Bitcoin,bitcoin,97244.0,90652.17978589096
2024-11-15,21:06:32,Bitcoin,bitcoin,97244.0,91248.48351283067
2024-11-15,22:10:13,Bitcoin,bitcoin,97244.0,91665.90886209448
2024-11-15,23:01:03,Bitcoin,bitcoin,97244.0,91238.90450238355
2024-11-16,00:12:05,Bitcoin,bitcoin,97244.0,91291.13184524832
2024-11-16,01:09:45,Bitcoin,bitcoin,97244.0,91202.15391359795
2024-11-16,02:07:02,Bitcoin,bitcoin,97244.0,91237.18197916615
2024-11-16,03:04:43,Bitcoin,bitcoin,97244.0,91453.604121957
2024-11-16,04:11:24,Bitcoin,bitcoin,97244.0,91215.06529483231
2024-11-16,05:04:59,Bitcoin,bitcoin,97244.0,91311.75041972323
2024-11-16,06:09:12,Bitcoin,bitcoin,97244.0,91342.46379979319
2024-11-16,07:01:59,Bitcoin,bitcoin,97244.0,91222.74745117137
2024-11-16,08:02:24,Bitcoin,bitcoin,97244.0,91150.97623851735
2024-11-16,09:05:49,Bitcoin,bitcoin,97244.0,91413.27815893771
2024-11-16,10:11:48,Bitcoin,bitcoin,97244.0,91378.22771205618
2024-11-16,11:11:26,Bitcoin,bitcoin,97244.0,91346.95272212593
2024-11-16,12:09:46,Bitcoin,bitcoin,97244.0,91219.3763453195
2024-11-16,13:02:19,Bitcoin,bitcoin,97244.0,90906.82691956821
2024-11-16,14:02:47,Bitcoin,bitcoin,97244.0,90726.36234922895
2024-11-16,15:00:44,Bitcoin,bitcoin,97244.0,91034.85815132981
2024-11-16,16:06:53,Bitcoin,bitcoin,97244.0,90408.33984069523
2024-11-16,17:03:38,Bitcoin,bitcoin,97244.0,90655.75248093979
2024-11-16,18:02:40,Bitcoin,bitcoin,97244.0,90870.96561247803
2024-11-16,19:06:46,Bitcoin,bitcoin,97244.0,91150.58676438485
2024-11-16,20:05:02,Bitcoin,bitcoin,97244.0,91149.74066429886
2024-11-16,21:08:37,Bitcoin,bitcoin,97244.0,90874.95664093895
2024-11-16,22:04:04,Bitcoin,bitcoin,97244.0,91070.95704128424
2024-11-16,23:01:38,Bitcoin,bitcoin,97244.0,90514.94439644078
2024-11-17,00:03:49,Bitcoin,bitcoin,97244.0,90596.73623829268
2024-11-17,01:02:40,Bitcoin,bitcoin,97244.0,90846.62542143103
2024-11-17,02:08:59,Bitcoin,bitcoin,97244.0,89938.59171239202
2024-11-17,03:04:30,Bitcoin,bitcoin,97244.0,90087.83651164154
2024-11-17,04:09:25,Bitcoin,bitcoin,97244.0,90333.92767367949
2024-11-17,05:03:16,Bitcoin,bitcoin,97244.0,90539.18066905202
2024-11-17,06:04:27,Bitcoin,bitcoin,97244.0,90476.26743370442
2024-11-17,07:09:55,Bitcoin,bitcoin,97244.0,90483.46776678428
2024-11-17,08:07:09,Bitcoin,bitcoin,97244.0,90486.4857338097
2024-11-17,09:11:42,Bitcoin,bitcoin,97244.0,91439.33865680735
2024-11-17,10:01:12,Bitcoin,bitcoin,97244.0,91317.45124887433
2024-11-17,11:02:57,Bitcoin,bitcoin,97244.0,91061.23145528007
2024-11-17,12:12:09,Bitcoin,bitcoin,97244.0,90822.86009903326
2024-11-17,13:13:56,Bitcoin,bitcoin,97244.0,90825.48811603468
2024-11-17,14:10:34,Bitcoin,bitcoin,97244.0,90660.84137615387
2024-11-17,15:11:40,Bitcoin,bitcoin,97244.0,90256.05816048072
2024-11-17,16:06:33,Bitcoin,bitcoin,97244.0,90131.10088314643
2024-11-17,17:07:46,Bitcoin,bitcoin,97244.0,90399.52801747111
2024-11-17,18:12:23,Bitcoin,bitcoin,97244.0,90323.77402313882
2024-11-17,19:12:52,Bitcoin,bitcoin,97244.0,89842.94527858608
2024-11-17,20:08:14,Bitcoin,bitcoin,97244.0,90110.88013785047
2024-11-17,21:02:28,Bitcoin,bitcoin,97244.0,89603.02798042569
2024-11-17,22:12:00,Bitcoin,bitcoin,97244.0,89066.66384773863
2024-11-17,23:11:49,Bitcoin,bitcoin,97244.0,89574.7472750456
2024-11-18,00:07:35,Bitcoin,bitcoin,97244.0,89794.98179297929
2024-11-18,01:01:06,Bitcoin,bitcoin,97244.0,89903.46721380035
2024-11-18,02:03:56,Bitcoin,bitcoin,97244.0,90801.31767011418
2024-11-18,03:11:55,Bitcoin,bitcoin,97244.0,90340.71621959737
2024-11-18,04:02:59,Bitcoin,bitcoin,97244.0,90645.87831934931
2024-11-18,05:00:09,Bitcoin,bitcoin,97244.0,90514.67560527523
2024-11-18,06:05:10,Bitcoin,bitcoin,97244.0,90644.9533174999
2024-11-18,07:08:54,Bitcoin,bitcoin,97244.0,92029.44836210483
2024-11-18,08:12:45,Bitcoin,bitcoin,97244.0,91746.11220111935
2024-11-18,09:03:53,Bitcoin,bitcoin,97244.0,91782.96182269306
2024-11-18,10:10:04,Bitcoin,bitcoin,97244.0,91919.59014795092
2024-11-18,11:01:24,Bitcoin,bitcoin,97244.0,91767.90419154741
2024-11-18,12:04:11,Bitcoin,bitcoin,97244.0,90285.01150921201
2024-11-18,13:09:47,Bitcoin,bitcoin,97244.0,90298.13249286894
2024-11-18,14:04:10,Bitcoin,bitcoin,97244.0,89442.94912718928
2024-11-18,15:08:49,Bitcoin,bitcoin,97244.0,90478.47813448591
2024-11-18,16:07:11,Bitcoin,bitcoin,97244.0,92154.97215688135
2024-11-18,17:08:20,Bitcoin,bitcoin,97244.0,91485.34763938113
2024-11-18,18:13:15,Bitcoin,bitcoin,97244.0,91476.322349369
2024-11-18,19:06:40,Bitcoin,bitcoin,97244.0,90445.4338930811
2024-11-18,20:09:34,Bitcoin,bitcoin,97244.0,90755.97763639849
2024-11-18,21:06:35,Bitcoin,bitcoin,97244.0,91836.7002239105
2024-11-18,22:12:24,Bitcoin,bitcoin,97244.0,91350.09760408568
2024-11-18,23:05:46,Bitcoin,bitcoin,97244.0,91145.90132219979
2024-11-19,00:06:27,Bitcoin,bitcoin,97244.0,90456.69278677985
2024-11-19,01:02:19,Bitcoin,bitcoin,97244.0,91112.08298031152
2024-11-19,02:00:57,Bitcoin,bitcoin,97244.0,90739.2765548068
2024-11-19,03:11:21,Bitcoin,bitcoin,97244.0,91292.99412165521
2024-11-19,04:07:31,Bitcoin,bitcoin,97244.0,91438.42950386903
2024-11-19,05:09:34,Bitcoin,bitcoin,97244.0,91664.69197868921
2024-11-19,06:04:05,Bitcoin,bitcoin,97244.0,91947.31523152601
2024-11-19,07:03:12,Bitcoin,bitcoin,97244.0,92041.9127881023
2024-11-19,08:01:40,Bitcoin,bitcoin,97244.0,91799.88900321105
2024-11-19,09:05:41,Bitcoin,bitcoin,97244.0,91816.20314892507
2024-11-19,10:07:48,Bitcoin,bitcoin,97244.0,91765.54990542318
2024-11-19,11:00:21,Bitcoin,bitcoin,97244.0,91844.09094193701
2024-11-19,12:04:38,Bitcoin,bitcoin,97244.0,91725.19258632552
2024-11-19,13:05:15,Bitcoin,bitcoin,97244.0,92496.84406606284
2024-11-19,14:02:38,Bitcoin,bitcoin,97244.0,91310.01339915523
2024-11-19,15:06:24,Bitcoin,bitcoin,97244.0,92070.43030671294
2024-11-19,16:12:25,Bitcoin,bitcoin,97244.0,92381.59389111107
2024-11-19,17:04:45,Bitcoin,bitcoin,97244.0,92586.920332828
2024-11-19,18:14:44,Bitcoin,bitcoin,97244.0,93255.71143731456
2024-11-19,19:05:46,Bitcoin,bitcoin,97244.0,93799.17681078352
2024-11-19,20:10:38,Bitcoin,bitcoin,97244.0,93448.53147944646
2024-11-19,21:01:34,Bitcoin,bitcoin,97244.0,92402.47461982082
2024-11-19,22:04:58,Bitcoin,bitcoin,97244.0,92352.9515491435
2024-11-19,23:01:57,Bitcoin,bitcoin,97244.0,91757.21183148149
2024-11-20,00:09:45,Bitcoin,bitcoin,97244.0,92351.03033414358
2024-11-20,01:07:32,Bitcoin,bitcoin,97244.0,92228.64839499166
2024-11-20,02:09:33,Bitcoin,bitcoin,97244.0,91964.16429406262
2024-11-20,03:05:36,Bitcoin,bitcoin,97244.0,91873.07999100645
2024-11-20,04:09:04,Bitcoin,bitcoin,97244.0,92059.512957755
2024-11-20,05:02:30,Bitcoin,bitcoin,97244.0,92203.16722966742
2024-11-20,06:13:59,Bitcoin,bitcoin,97244.0,92682.26613335093
2024-11-20,07:07:18,Bitcoin,bitcoin,97244.0,92393.58992607422
2024-11-20,08:07:57,Bitcoin,bitcoin,97244.0,92867.73069351293
2024-11-20,09:06:01,Bitcoin,bitcoin,97244.0,93270.15648899491
2024-11-20,10:12:22,Bitcoin,bitcoin,97244.0,93231.830167103
2024-11-20,11:11:39,Bitcoin,bitcoin,97244.0,93265.39728396996
2024-11-20,12:04:18,Bitcoin,bitcoin,97244.0,93681.3448870722
2024-11-20,13:28:30,Bitcoin,bitcoin,97244.0,94244.91495525278
2024-11-20,14:05:29,Bitcoin,bitcoin,97244.0,94500.59284364933
2024-11-20,15:09:53,Bitcoin,bitcoin,97244.0,94677.29717634007
2024-11-20,16:11:29,Bitcoin,bitcoin,97244.0,94521.87295332563
2024-11-20,17:01:15,Bitcoin,bitcoin,97244.0,94213.19992128732
2024-11-20,18:08:11,Bitcoin,bitcoin,97244.0,94099.99665720656
2024-11-20,19:07:36,Bitcoin,bitcoin,97244.0,93906.18229973842
2024-11-20,20:06:41,Bitcoin,bitcoin,97244.0,94136.7839854972
2024-11-20,21:08:35,Bitcoin,bitcoin,97244.0,94332.46496760551
2024-11-20,22:13:26,Bitcoin,bitcoin,97244.0,94417.05325716126
2024-11-20,23:06:30,Bitcoin,bitcoin,97244.0,94201.36172465737
2024-11-21,00:00:52,Bitcoin,bitcoin,97244.0,94217.02229634205
2024-11-21,01:11:31,Bitcoin,bitcoin,97244.0,94937.29947273481
2024-11-21,02:06:56,Bitcoin,bitcoin,97244.0,94600.63819542028
2024-11-21,03:08:54,Bitcoin,bitcoin,97244.0,94704.06449423352
2024-11-21,04:02:57,Bitcoin,bitcoin,97244.0,95898.30691266003
2024-11-21,05:11:38,Bitcoin,bitcoin,97244.0,97516.95025396596
2024-11-21,06:01:20,Bitcoin,bitcoin,97244.0,97417.95197134383
2024-11-21,07:04:16,Bitcoin,bitcoin,97244.0,97038.04937283573
2024-11-21,08:12:47,Bitcoin,bitcoin,97244.0,97025.26655006359
2024-11-21,09:07:23,Bitcoin,bitcoin,97244.0,97254.18628559289
2024-11-21,10:06:13,Bitcoin,bitcoin,97244.0,97689.20968605207
2024-11-21,11:11:57,Bitcoin,bitcoin,97244.0,98310.57038512541
2024-11-21,12:12:17,Bitcoin,bitcoin,97244.0,98073.78757614846
2024-11-21,13:14:20,Bitcoin,bitcoin,97244.0,97477.75806491218
2024-11-21,14:10:52,Bitcoin,bitcoin,97244.0,97341.35546009081
2024-11-21,15:10:31,Bitcoin,bitcoin,97244.0,96834.4357611275
2024-11-21,16:04:43,Bitcoin,bitcoin,97244.0,96787.87259875108
2024-11-21,17:04:21,Bitcoin,bitcoin,97244.0,97187.33504022115
2024-11-21,18:07:53,Bitcoin,bitcoin,97244.0,98015.30989000655
2024-11-21,19:09:24,Bitcoin,bitcoin,97244.0,98399.7881735672
2024-11-21,20:07:38,Bitcoin,bitcoin,97244.0,98219.53058108511
2024-11-21,21:13:20,Bitcoin,bitcoin,97244.0,98092.53289064155
2024-11-21,22:03:56,Bitcoin,bitcoin,97244.0,98052.31813948065
2024-11-21,23:04:28,Bitcoin,bitcoin,97244.0,98441.26161000447
2024-11-22,00:14:50,Bitcoin,bitcoin,97244.0,98529.80211326091
2024-11-22,01:13:36,Bitcoin,bitcoin,97244.0,98187.91803696626
2024-11-22,02:00:45,Bitcoin,bitcoin,97244.0,98151.64835062402
2024-11-22,03:14:09,Bitcoin,bitcoin,97244.0,98742.66590546833
2024-11-22,04:01:45,Bitcoin,bitcoin,97244.0,98928.70808296709
2024-11-22,05:05:33,Bitcoin,bitcoin,97244.0,98867.36644965629
2024-11-22,06:10:41,Bitcoin,bitcoin,97244.0,98949.36085023009
2024-11-22,07:02:51,Bitcoin,bitcoin,97244.0,99087.35895730593
2024-11-22,08:02:31,Bitcoin,bitcoin,97244.0,99244.24438803681
2024-11-22,09:01:42,Bitcoin,bitcoin,97244.0,98907.8290117248
2024-11-22,10:02:21,Bitcoin,bitcoin,97244.0,98797.0488237581
2024-11-22,11:12:03,Bitcoin,bitcoin,97244.0,98621.02826780382
2024-11-22,12:03:31,Bitcoin,bitcoin,97244.0,98957.45944900438
2024-11-22,13:09:53,Bitcoin,bitcoin,97244.0,98685.78821463924
2024-11-22,14:04:40,Bitcoin,bitcoin,97244.0,97871.01435703253
2024-11-22,15:08:24,Bitcoin,bitcoin,97244.0,97393.85345172636
2024-11-22,16:12:43,Bitcoin,bitcoin,97244.0,98436.20344002808
2024-11-22,17:01:36,Bitcoin,bitcoin,97244.0,99036.38730170106
2024-11-22,18:11:39,Bitcoin,bitcoin,97244.0,99137.77149298869
2024-11-22,19:17:25,Bitcoin,bitcoin,97244.0,99366.40761088874
2024-11-22,20:00:50,Bitcoin,bitcoin,97244.0,99531.18012036204
2024-11-22,21:00:48,Bitcoin,bitcoin,97244.0,99334.42990748059
2024-11-22,22:05:55,Bitcoin,bitcoin,97244.0,99418.67011453414
2024-11-22,23:12:23,Bitcoin,bitcoin,97244.0,98853.46617956243
2024-11-23,00:08:32,Bitcoin,bitcoin,97244.0,98907.79325258995
2024-11-23,01:04:58,Bitcoin,bitcoin,97244.0,98721.12064236584
2024-11-23,02:12:59,Bitcoin,bitcoin,97244.0,98545.74682604708
2024-11-23,03:04:57,Bitcoin,bitcoin,97244.0,98610.3477536692
2024-11-23,04:13:37,Bitcoin,bitcoin,97244.0,98720.12576397
2024-11-23,05:11:41,Bitcoin,bitcoin,97244.0,98479.71802325314
2024-11-23,06:14:44,Bitcoin,bitcoin,97244.0,98803.60701519938
2024-11-23,07:05:44,Bitcoin,bitcoin,97244.0,98827.5462630559
2024-11-23,08:03:36,Bitcoin,bitcoin,97244.0,98688.35022303325
2024-11-23,09:01:45,Bitcoin,bitcoin,97244.0,98562.42427541426
2024-11-23,10:11:21,Bitcoin,bitcoin,97244.0,98567.61071655307
2024-11-23,11:13:31,Bitcoin,bitcoin,97244.0,98627.69963826089
2024-11-23,12:09:26,Bitcoin,bitcoin,97244.0,98573.42641332174
2024-11-23,13:10:51,Bitcoin,bitcoin,97244.0,98816.16419710916
2024-11-23,14:03:39,Bitcoin,bitcoin,97244.0,98638.74802471796
2024-11-23,15:08:02,Bitcoin,bitcoin,97244.0,98907.83827505098
2024-11-23,16:01:09,Bitcoin,bitcoin,97244.0,98637.06301800392
2024-11-23,17:04:55,Bitcoin,bitcoin,97244.0,97887.14429180366
2024-11-23,18:00:21,Bitcoin,bitcoin,97244.0,97993.79314280888
2024-11-23,19:07:47,Bitcoin,bitcoin,97244.0,97959.65085898795
2024-11-23,20:02:47,Bitcoin,bitcoin,97244.0,97627.80481379767
2024-11-23,21:01:48,Bitcoin,bitcoin,97244.0,97828.71753790964
2024-11-23,22:05:57,Bitcoin,bitcoin,97244.0,98078.20284165346
2024-11-23,23:00:39,Bitcoin,bitcoin,97244.0,97795.77021667767
2024-11-24,00:12:21,Bitcoin,bitcoin,97244.0,97903.58813942045
2024-11-24,01:02:11,Bitcoin,bitcoin,97244.0,98040.73700095096
2024-11-24,02:04:14,Bitcoin,bitcoin,97244.0,98292.35524999183
2024-11-24,03:01:11,Bitcoin,bitcoin,97244.0,98497.71417618614
2024-11-24,04:04:17,Bitcoin,bitcoin,97244.0,98293.90548790821
2024-11-24,05:05:36,Bitcoin,bitcoin,97244.0,98300.80802932262
2024-11-24,06:10:46,Bitcoin,bitcoin,97244.0,98321.94620028995
2024-11-24,07:02:26,Bitcoin,bitcoin,97244.0,98473.08914761616
2024-11-24,08:08:14,Bitcoin,bitcoin,97244.0,98553.76752974809
2024-11-24,09:01:43,Bitcoin,bitcoin,97244.0,98207.04580972278
2024-11-24,10:01:43,Bitcoin,bitcoin,97244.0,98047.89454351828
2024-11-24,11:06:24,Bitcoin,bitcoin,97244.0,97865.55396535275
2024-11-24,12:06:23,Bitcoin,bitcoin,97244.0,97446.22464625575
2024-11-24,13:04:27,Bitcoin,bitcoin,97244.0,96915.28655165159
2024-11-24,14:12:32,Bitcoin,bitcoin,97244.0,96981.5818480657
2024-11-24,15:10:49,Bitcoin,bitcoin,97244.0,96965.73350831258
2024-11-24,16:06:56,Bitcoin,bitcoin,97244.0,96121.8572199591
2024-11-24,17:10:44,Bitcoin,bitcoin,97244.0,96334.81781873644
2024-11-24,18:04:59,Bitcoin,bitcoin,97244.0,95903.66256158017
2024-11-24,19:08:28,Bitcoin,bitcoin,97244.0,96374.14974274626
2024-11-24,20:13:12,Bitcoin,bitcoin,97244.0,96341.4137878268
2024-11-24,21:08:18,Bitcoin,bitcoin,97244.0,96846.36681720814
2024-11-24,22:06:47,Bitcoin,bitcoin,97244.0,97096.89702404664
2024-11-24,23:08:48,Bitcoin,bitcoin,97244.0,98185.22555498003
2024-11-25,00:07:26,Bitcoin,bitcoin,97244.0,98025.77577156796
2024-11-25,01:01:19,Bitcoin,bitcoin,97244.0,97957.30958863487
2024-11-25,03:06:14,Bitcoin,bitcoin,97244.0,97540.4200448884
2024-11-25,04:03:26,Bitcoin,bitcoin,97244.0,97960.57363783635
2024-11-25,05:03:43,Bitcoin,bitcoin,97244.0,97936.55308901767
2024-11-25,06:14:20,Bitcoin,bitcoin,97244.0,98341.69292713798
2024-11-25,07:04:27,Bitcoin,bitcoin,97244.0,98186.0759936348
2024-11-25,08:09:28,Bitcoin,bitcoin,97244.0,98094.82573459054
2024-11-25,09:10:51,Bitcoin,bitcoin,97244.0,98376.20871947528
2024-11-25,10:03:53,Bitcoin,bitcoin,97244.0,98567.62400727392
2024-11-25,11:14:03,Bitcoin,bitcoin,97244.0,98519.10798225815
2024-11-25,12:15:11,Bitcoin,bitcoin,97244.0,98228.50822336145
2024-11-25,13:16:26,Bitcoin,bitcoin,97244.0,97540.86969775405
2024-11-25,14:12:31,Bitcoin,bitcoin,97244.0,97609.67708694986
2024-11-25,15:13:39,Bitcoin,bitcoin,97244.0,94997.23837022923
2024-11-25,16:08:26,Bitcoin,bitcoin,97244.0,96100.44894198941
2024-11-25,17:05:49,Bitcoin,bitcoin,97244.0,95959.07345600906
2024-11-25,18:17:52,Bitcoin,bitcoin,97244.0,95659.88581413838
2024-11-25,19:05:42,Bitcoin,bitcoin,97244.0,95033.5526782929
2024-11-25,20:09:18,Bitcoin,bitcoin,97244.0,94570.70404035949
2024-11-25,21:01:26,Bitcoin,bitcoin,97244.0,94829.93056445321
2024-11-25,22:09:14,Bitcoin,bitcoin,97244.0,93474.36970924771
2024-11-25,23:11:57,Bitcoin,bitcoin,97244.0,94285.27104790804
2024-11-26,00:07:28,Bitcoin,bitcoin,97244.0,92958.83651055662
2024-11-26,01:06:15,Bitcoin,bitcoin,97244.0,93962.56167000989
2024-11-26,02:13:47,Bitcoin,bitcoin,97244.0,94749.6371475018
2024-11-26,03:05:31,Bitcoin,bitcoin,97244.0,94603.47578618444
2024-11-26,04:09:54,Bitcoin,bitcoin,97244.0,94477.185285292
2024-11-26,05:09:07,Bitcoin,bitcoin,97244.0,94392.11640676353
2024-11-26,06:13:34,Bitcoin,bitcoin,97244.0,94710.7745627786
2024-11-26,07:08:29,Bitcoin,bitcoin,97244.0,94402.29090376447
2024-11-26,08:00:57,Bitcoin,bitcoin,97244.0,93877.62962253872
2024-11-26,09:14:04,Bitcoin,bitcoin,97244.0,93335.26212181491
2024-11-26,10:14:30,Bitcoin,bitcoin,97244.0,93301.72697676787
2024-11-26,11:09:30,Bitcoin,bitcoin,97244.0,92016.0821640605
2024-11-26,12:04:00,Bitcoin,bitcoin,97244.0,92312.30864955236
2024-11-26,13:00:57,Bitcoin,bitcoin,97244.0,91830.9877008543
2024-11-26,14:08:14,Bitcoin,bitcoin,97244.0,91909.6595139108
2024-11-26,15:00:56,Bitcoin,bitcoin,97244.0,93508.27326596904
2024-11-26,16:04:55,Bitcoin,bitcoin,97244.0,92896.65602512732
2024-11-26,17:08:52,Bitcoin,bitcoin,97244.0,93816.48423067528
2024-11-26,18:15:31,Bitcoin,bitcoin,97244.0,93153.52006682314
2024-11-26,19:11:33,Bitcoin,bitcoin,97244.0,92457.07367896379
2024-11-26,20:11:29,Bitcoin,bitcoin,97244.0,91948.7665271105
2024-11-26,21:04:08,Bitcoin,bitcoin,97244.0,90911.13567641751
2024-11-26,22:02:26,Bitcoin,bitcoin,97244.0,91723.76190532198
2024-11-26,23:02:09,Bitcoin,bitcoin,97244.0,91798.21404384292
2024-11-27,00:01:27,Bitcoin,bitcoin,97244.0,91966.12546082259
2024-11-27,01:00:51,Bitcoin,bitcoin,97244.0,91933.92643871943
2024-11-27,02:12:22,Bitcoin,bitcoin,97244.0,92607.25978525801
2024-11-27,03:15:33,Bitcoin,bitcoin,97244.0,92757.25760440195
2024-11-27,04:08:33,Bitcoin,bitcoin,97244.0,92540.63200465744
2024-11-27,05:17:09,Bitcoin,bitcoin,97244.0,92467.19419996986
2024-11-27,06:17:14,Bitcoin,bitcoin,97244.0,93116.52878592828
2024-11-27,07:03:27,Bitcoin,bitcoin,97244.0,93041.15493061596
2024-11-27,08:18:03,Bitcoin,bitcoin,97244.0,93358.52950733504
2024-11-27,09:11:32,Bitcoin,bitcoin,97244.0,93353.14544962376
2024-11-27,10:08:10,Bitcoin,bitcoin,97244.0,93421.06777149941
2024-11-27,11:16:13,Bitcoin,bitcoin,97244.0,93720.0281114403
2024-11-27,12:01:51,Bitcoin,bitcoin,97244.0,93357.55242737303
2024-11-27,13:17:08,Bitcoin,bitcoin,97244.0,93629.54950174688
2024-11-27,14:16:04,Bitcoin,bitcoin,97244.0,94329.7143041084
2024-11-27,15:14:42,Bitcoin,bitcoin,97244.0,94861.93284322716
2024-11-27,16:12:55,Bitcoin,bitcoin,97244.0,95789.66766620122
2024-11-27,17:15:10,Bitcoin,bitcoin,97244.0,95515.77323187885
2024-11-27,18:07:48,Bitcoin,bitcoin,97244.0,96424.72297475173
2024-11-27,19:10:52,Bitcoin,bitcoin,97244.0,96170.26060853197
2024-11-27,20:00:57,Bitcoin,bitcoin,97244.0,96657.69896151192
2024-11-27,21:16:23,Bitcoin,bitcoin,97244.0,96666.00439308601
2024-11-27,22:10:15,Bitcoin,bitcoin,97244.0,96491.06000818207
2024-11-27,23:01:23,Bitcoin,bitcoin,97244.0,96170.73566599475
2024-11-28,00:09:10,Bitcoin,bitcoin,97244.0,95951.2085932291
2024-11-28,01:05:20,Bitcoin,bitcoin,97244.0,96614.05040446685
2024-11-28,02:15:29,Bitcoin,bitcoin,97244.0,96276.71642483807
2024-11-28,03:12:48,Bitcoin,bitcoin,97244.0,95479.544969306
2024-11-28,04:07:54,Bitcoin,bitcoin,97244.0,95703.61262402752
2024-11-28,05:10:40,Bitcoin,bitcoin,97244.0,95988.10541431927
2024-11-28,06:16:23,Bitcoin,bitcoin,97244.0,95186.68566247674
2024-11-28,07:04:49,Bitcoin,bitcoin,97244.0,95515.34711807224
2024-11-28,08:09:31,Bitcoin,bitcoin,97244.0,95393.76265151467
2024-11-28,09:05:30,Bitcoin,bitcoin,97244.0,95502.0233166038
2024-11-28,10:08:21,Bitcoin,bitcoin,97244.0,94760.40084653812
2024-11-28,11:12:13,Bitcoin,bitcoin,97244.0,94983.44976143821
2024-11-28,12:10:00,Bitcoin,bitcoin,97244.0,95481.90220044892
2024-11-28,13:03:49,Bitcoin,bitcoin,97244.0,95475.11606956099
2024-11-28,14:12:34,Bitcoin,bitcoin,97244.0,96198.05364234172
2024-11-28,15:03:17,Bitcoin,bitcoin,97244.0,95387.70283031963
2024-11-28,16:04:17,Bitcoin,bitcoin,97244.0,95028.11522967313
2024-11-28,17:00:50,Bitcoin,bitcoin,97244.0,94870.52015258135
2024-11-28,18:05:43,Bitcoin,bitcoin,97244.0,94913.79266980878
2024-11-28,19:13:42,Bitcoin,bitcoin,97244.0,95259.23310011603
2024-11-28,20:14:14,Bitcoin,bitcoin,97244.0,95067.89673866176
2024-11-28,21:04:50,Bitcoin,bitcoin,97244.0,94832.58319602066
2024-11-28,22:08:34,Bitcoin,bitcoin,97244.0,95070.723499186
2024-11-28,23:14:21,Bitcoin,bitcoin,97244.0,95690.73120439636
2024-11-29,00:16:42,Bitcoin,bitcoin,97244.0,95491.15372866433
2024-11-29,01:15:08,Bitcoin,bitcoin,97244.0,95605.1000917574
2024-11-29,02:09:24,Bitcoin,bitcoin,97244.0,96185.70817332235
2024-11-29,03:10:00,Bitcoin,bitcoin,97244.0,96689.2115628015
2024-11-29,04:14:00,Bitcoin,bitcoin,97244.0,96453.7957193378
2024-11-29,05:00:42,Bitcoin,bitcoin,97244.0,96379.56503402354
2024-11-29,06:12:40,Bitcoin,bitcoin,97244.0,96373.51348577719
2024-11-29,07:00:45,Bitcoin,bitcoin,97244.0,96125.36721127221
2024-11-29,08:11:59,Bitcoin,bitcoin,97244.0,95825.0748819143
2024-11-29,09:05:54,Bitcoin,bitcoin,97244.0,95945.75550951564
2024-11-29,10:10:41,Bitcoin,bitcoin,97244.0,96456.81032264214
2024-11-29,11:16:47,Bitcoin,bitcoin,97244.0,96642.49448371603
2024-11-29,12:12:24,Bitcoin,bitcoin,97244.0,97395.2053894119
2024-11-29,13:12:07,Bitcoin,bitcoin,97244.0,97007.00175095935
2024-11-29,14:14:36,Bitcoin,bitcoin,97244.0,97046.8047280419
2024-11-29,15:18:25,Bitcoin,bitcoin,97244.0,98658.9345586154
2024-11-29,16:01:06,Bitcoin,bitcoin,97244.0,98328.64578971834
2024-11-29,17:02:37,Bitcoin,bitcoin,97244.0,97860.38178200499
2024-11-29,18:16:48,Bitcoin,bitcoin,97244.0,97222.26935639295
2024-11-29,19:04:14,Bitcoin,bitcoin,97244.0,97246.37242302352
2024-11-29,20:05:39,Bitcoin,bitcoin,97244.0,97446.74304209618
2024-11-29,21:07:36,Bitcoin,bitcoin,97244.0,97461.78010777534
2024-11-29,22:06:01,Bitcoin,bitcoin,97244.0,97439.73260524705
2024-11-29,23:14:45,Bitcoin,bitcoin,97244.0,97229.63977566083
2024-11-30,00:03:56,Bitcoin,bitcoin,97244.0,97508.58607262665
2024-11-30,01:02:59,Bitcoin,bitcoin,97244.0,97014.26142121738
2024-11-30,02:02:12,Bitcoin,bitcoin,97244.0,96605.38061704171
2024-11-30,03:04:10,Bitcoin,bitcoin,97244.0,96633.35340970031
2024-11-30,04:07:05,Bitcoin,bitcoin,97244.0,96758.51951096501
2024-11-30,05:16:13,Bitcoin,bitcoin,97244.0,96810.70779402187
2024-11-30,06:14:27,Bitcoin,bitcoin,97244.0,97201.81169262696
2024-11-30,07:02:38,Bitcoin,bitcoin,97244.0,96638.46548783808
2024-11-30,08:14:55,Bitcoin,bitcoin,97244.0,96755.02015382673
2024-11-30,09:12:09,Bitcoin,bitcoin,97244.0,96771.49042272137
2024-11-30,10:16:11,Bitcoin,bitcoin,97244.0,96816.44177566814
2024-11-30,11:17:57,Bitcoin,bitcoin,97244.0,96325.09800019009
2024-11-30,12:03:50,Bitcoin,bitcoin,97244.0,96295.48312358867
2024-11-30,13:11:17,Bitcoin,bitcoin,97244.0,96601.05864452482
2024-11-30,14:15:59,Bitcoin,bitcoin,97244.0,96635.48311038042
2024-11-30,15:08:33,Bitcoin,bitcoin,97244.0,96651.85454010883
2024-11-30,16:09:07,Bitcoin,bitcoin,97244.0,96722.49267809853
2024-11-30,17:09:29,Bitcoin,bitcoin,97244.0,96992.65771016199
2024-11-30,18:10:16,Bitcoin,bitcoin,97244.0,96921.35645358218
2024-11-30,19:10:40,Bitcoin,bitcoin,97244.0,97025.20112983785
2024-11-30,20:04:55,Bitcoin,bitcoin,97244.0,97062.34005073737
2024-11-30,21:03:42,Bitcoin,bitcoin,97244.0,97019.0839291062
2024-11-30,22:12:30,Bitcoin,bitcoin,97244.0,96843.66127689845
2024-11-30,23:02:13,Bitcoin,bitcoin,97244.0,96383.40831265219
2024-12-01,00:03:26,Bitcoin,bitcoin,97244.0,96449.75251537087
2024-12-01,01:08:43,Bitcoin,bitcoin,97244.0,96368.41659629214
2024-12-01,02:06:11,Bitcoin,bitcoin,97244.0,96183.53865621796
2024-12-01,03:00:51,Bitcoin,bitcoin,97244.0,96004.87965292303
2024-12-01,04:06:19,Bitcoin,bitcoin,97244.0,96339.41109037622
2024-12-01,05:14:18,Bitcoin,bitcoin,97244.0,96446.42789147947
2024-12-01,06:04:34,Bitcoin,bitcoin,97244.0,96343.52129085963
2024-12-01,07:11:04,Bitcoin,bitcoin,97244.0,96390.74142074569
2024-12-01,08:09:26,Bitcoin,bitcoin,97244.0,96571.30824363836
2024-12-01,09:02:32,Bitcoin,bitcoin,97244.0,97102.02262487802
2024-12-01,10:13:02,Bitcoin,bitcoin,97244.0,96931.6481377739
2024-12-01,11:06:57,Bitcoin,bitcoin,97244.0,97002.85526437357
2024-12-01,12:17:09,Bitcoin,bitcoin,97244.0,97134.4449430997
2024-12-01,13:13:23,Bitcoin,bitcoin,97244.0,97038.9439813737
2024-12-01,14:08:25,Bitcoin,bitcoin,97244.0,97174.15248879559
2024-11-01,15:15:24,Ethereum,ethereum,3710.01,2548.990194214874
2024-11-01,16:15:18,Ethereum,ethereum,3710.01,2513.497301622508
2024-11-01,17:22:30,Ethereum,ethereum,3710.01,2527.5335925421136
2024-11-01,18:17:26,Ethereum,ethereum,3710.01,2505.49293478801
2024-11-01,19:07:53,Ethereum,ethereum,3710.01,2500.7622047870777
2024-11-01,20:18:53,Ethereum,ethereum,3710.01,2517.3784870617114
2024-11-01,21:19:49,Ethereum,ethereum,3710.01,2513.1307516756224
2024-11-01,22:13:50,Ethereum,ethereum,3710.01,2508.7014185893363
2024-11-01,23:12:18,Ethereum,ethereum,3710.01,2514.765170164251
2024-11-02,00:04:22,Ethereum,ethereum,3710.01,2511.971171522551
2024-11-02,01:02:34,Ethereum,ethereum,3710.01,2516.5666644580842
2024-11-02,02:03:56,Ethereum,ethereum,3710.01,2514.4503947072308
2024-11-02,03:16:05,Ethereum,ethereum,3710.01,2512.8176233570985
2024-11-02,04:00:48,Ethereum,ethereum,3710.01,2506.100581307112
2024-11-02,05:07:39,Ethereum,ethereum,3710.01,2504.6796623757655
2024-11-02,06:06:03,Ethereum,ethereum,3710.01,2511.6634731218287
2024-11-02,07:03:03,Ethereum,ethereum,3710.01,2511.1686632027477
2024-11-02,08:01:12,Ethereum,ethereum,3710.01,2507.2949305165184
2024-11-02,09:00:31,Ethereum,ethereum,3710.01,2498.419496444809
2024-11-02,10:19:19,Ethereum,ethereum,3710.01,2494.6116869447605
2024-11-02,11:04:08,Ethereum,ethereum,3710.01,2501.038967387042
2024-11-02,12:11:38,Ethereum,ethereum,3710.01,2501.451870295995
2024-11-02,13:12:42,Ethereum,ethereum,3710.01,2488.910695705866
2024-11-02,14:15:27,Ethereum,ethereum,3710.01,2477.903879722394
2024-11-02,15:07:16,Ethereum,ethereum,3710.01,2480.9808707053553
2024-11-02,16:21:18,Ethereum,ethereum,3710.01,2484.0774741822506
2024-11-02,17:15:07,Ethereum,ethereum,3710.01,2492.221749981915
2024-11-02,18:17:07,Ethereum,ethereum,3710.01,2481.641225822578
2024-11-02,19:06:06,Ethereum,ethereum,3710.01,2488.49952282632
2024-11-02,20:10:49,Ethereum,ethereum,3710.01,2491.275024905671
2024-11-02,21:01:46,Ethereum,ethereum,3710.01,2493.4248447587133
2024-11-02,22:09:53,Ethereum,ethereum,3710.01,2491.171307450643
2024-11-02,23:12:00,Ethereum,ethereum,3710.01,2487.265701316592
2024-11-03,00:20:56,Ethereum,ethereum,3710.01,2495.210882657583
2024-11-03,01:11:32,Ethereum,ethereum,3710.01,2485.41138105615
2024-11-03,02:06:43,Ethereum,ethereum,3710.01,2471.646509769016
2024-11-03,03:07:24,Ethereum,ethereum,3710.01,2429.23617633712
2024-11-03,04:06:28,Ethereum,ethereum,3710.01,2450.0111867531696
2024-11-03,05:04:17,Ethereum,ethereum,3710.01,2455.48134433623
2024-11-03,06:04:41,Ethereum,ethereum,3710.01,2444.1429243820967
2024-11-03,07:02:56,Ethereum,ethereum,3710.01,2455.118363846138
2024-11-03,08:04:09,Ethereum,ethereum,3710.01,2449.745869590284
2024-11-03,09:01:43,Ethereum,ethereum,3710.01,2456.8677312704854
2024-11-03,10:15:59,Ethereum,ethereum,3710.01,2455.318174851385
2024-11-03,11:03:51,Ethereum,ethereum,3710.01,2455.9298716068897
2024-11-03,12:11:34,Ethereum,ethereum,3710.01,2455.505516139951
2024-11-03,13:08:28,Ethereum,ethereum,3710.01,2453.47660621413
2024-11-03,14:18:15,Ethereum,ethereum,3710.01,2434.470590848142
2024-11-03,15:15:36,Ethereum,ethereum,3710.01,2417.7508304097028
2024-11-03,16:06:37,Ethereum,ethereum,3710.01,2445.36395107492
2024-11-03,17:11:08,Ethereum,ethereum,3710.01,2448.0339312763695
2024-11-03,18:12:54,Ethereum,ethereum,3710.01,2447.4960897145556
2024-11-03,19:11:56,Ethereum,ethereum,3710.01,2431.899805600637
2024-11-03,20:18:50,Ethereum,ethereum,3710.01,2448.441263255776
2024-11-03,21:21:05,Ethereum,ethereum,3710.01,2470.1644077534024
2024-11-03,22:03:29,Ethereum,ethereum,3710.01,2467.578232705301
2024-11-03,23:15:14,Ethereum,ethereum,3710.01,2454.127239964868
2024-11-04,00:08:41,Ethereum,ethereum,3710.01,2455.093450798762
2024-11-04,01:21:59,Ethereum,ethereum,3710.01,2457.1127992376314
2024-11-04,02:14:08,Ethereum,ethereum,3710.01,2464.471330387361
2024-11-04,03:22:03,Ethereum,ethereum,3710.01,2474.429990640879
2024-11-04,04:13:14,Ethereum,ethereum,3710.01,2474.1581054661983
2024-11-04,05:13:01,Ethereum,ethereum,3710.01,2468.040270030291
2024-11-04,06:16:53,Ethereum,ethereum,3710.01,2469.1674432454574
2024-11-04,07:19:42,Ethereum,ethereum,3710.01,2471.607858951318
2024-11-04,08:12:10,Ethereum,ethereum,3710.01,2457.7612417194496
2024-11-04,09:12:22,Ethereum,ethereum,3710.01,2462.52834531666
2024-11-04,10:08:28,Ethereum,ethereum,3710.01,2463.686128790964
2024-11-04,11:07:35,Ethereum,ethereum,3710.01,2461.8001728930835
2024-11-04,12:07:52,Ethereum,ethereum,3710.01,2465.719413110207
2024-11-04,13:14:51,Ethereum,ethereum,3710.01,2481.8260293174244
2024-11-04,14:12:30,Ethereum,ethereum,3710.01,2458.31027469136
2024-11-04,15:13:31,Ethereum,ethereum,3710.01,2447.8680129507857
2024-11-04,16:07:42,Ethereum,ethereum,3710.01,2436.0936227997868
2024-11-04,17:14:05,Ethereum,ethereum,3710.01,2408.5250436571905
2024-11-04,18:05:46,Ethereum,ethereum,3710.01,2423.2553250239416
2024-11-04,19:14:30,Ethereum,ethereum,3710.01,2435.5013014544093
2024-11-04,20:11:01,Ethereum,ethereum,3710.01,2426.721790134349
2024-11-04,21:11:29,Ethereum,ethereum,3710.01,2422.1962554419574
2024-11-04,22:04:51,Ethereum,ethereum,3710.01,2373.6253786583316
2024-11-04,23:19:08,Ethereum,ethereum,3710.01,2399.1456773662426
2024-11-05,00:19:04,Ethereum,ethereum,3710.01,2403.1309263640032
2024-11-05,01:00:53,Ethereum,ethereum,3710.01,2401.3441576056766
2024-11-05,02:01:03,Ethereum,ethereum,3710.01,2406.6312934391044
2024-11-05,03:01:56,Ethereum,ethereum,3710.01,2402.7107667028235
2024-11-05,04:18:19,Ethereum,ethereum,3710.01,2422.3531303134787
2024-11-05,05:10:11,Ethereum,ethereum,3710.01,2425.0440265136704
2024-11-05,06:19:55,Ethereum,ethereum,3710.01,2426.546725156869
2024-11-05,07:07:12,Ethereum,ethereum,3710.01,2429.6339028317066
2024-11-05,08:08:23,Ethereum,ethereum,3710.01,2443.5435005910263
2024-11-05,09:04:38,Ethereum,ethereum,3710.01,2441.375421777093
2024-11-05,10:06:04,Ethereum,ethereum,3710.01,2433.730648768377
2024-11-05,11:11:45,Ethereum,ethereum,3710.01,2438.699118391354
2024-11-05,12:06:15,Ethereum,ethereum,3710.01,2437.2531459217175
2024-11-05,13:02:27,Ethereum,ethereum,3710.01,2442.5554050411047
2024-11-05,14:06:05,Ethereum,ethereum,3710.01,2440.227647087435
2024-11-05,15:06:09,Ethereum,ethereum,3710.01,2466.425597995752
2024-11-05,16:07:43,Ethereum,ethereum,3710.01,2444.2752553335317
2024-11-05,17:21:28,Ethereum,ethereum,3710.01,2469.619082756912
2024-11-05,18:07:09,Ethereum,ethereum,3710.01,2454.4301439409232
2024-11-05,19:11:30,Ethereum,ethereum,3710.01,2453.084696030993
2024-11-05,20:09:38,Ethereum,ethereum,3710.01,2419.289634285991
2024-11-05,21:12:30,Ethereum,ethereum,3710.01,2424.339885856694
2024-11-05,22:20:23,Ethereum,ethereum,3710.01,2415.8579652507096
2024-11-05,23:00:49,Ethereum,ethereum,3710.01,2429.710822252049
2024-11-06,00:13:25,Ethereum,ethereum,3710.01,2429.8836459672857
2024-11-06,01:13:19,Ethereum,ethereum,3710.01,2502.3053150367437
2024-11-06,02:05:43,Ethereum,ethereum,3710.01,2482.6489058612656
2024-11-06,03:18:45,Ethereum,ethereum,3710.01,2599.0401051434633
2024-11-06,04:07:09,Ethereum,ethereum,3710.01,2569.860312228567
2024-11-06,05:04:17,Ethereum,ethereum,3710.01,2583.611604373404
2024-11-06,06:04:39,Ethereum,ethereum,3710.01,2596.200019574709
2024-11-06,07:02:18,Ethereum,ethereum,3710.01,2584.722350730383
2024-11-06,08:12:59,Ethereum,ethereum,3710.01,2591.236499347948
2024-11-06,09:03:47,Ethereum,ethereum,3710.01,2604.56751732936
2024-11-06,10:08:15,Ethereum,ethereum,3710.01,2616.840451692132
2024-11-06,11:05:35,Ethereum,ethereum,3710.01,2624.403311655071
2024-11-06,12:01:32,Ethereum,ethereum,3710.01,2632.2576003321224
2024-11-06,13:01:31,Ethereum,ethereum,3710.01,2636.413672487837
2024-11-06,14:17:40,Ethereum,ethereum,3710.01,2618.8997224717336
2024-11-06,15:13:51,Ethereum,ethereum,3710.01,2632.1103411520808
2024-11-06,16:17:02,Ethereum,ethereum,3710.01,2647.646753858681
2024-11-06,17:10:49,Ethereum,ethereum,3710.01,2657.139029242699
2024-11-06,18:09:44,Ethereum,ethereum,3710.01,2662.7753458239854
2024-11-06,19:08:37,Ethereum,ethereum,3710.01,2678.392240372216
2024-11-06,20:17:32,Ethereum,ethereum,3710.01,2697.377662353487
2024-11-06,21:16:07,Ethereum,ethereum,3710.01,2692.9699826251094
2024-11-06,22:04:34,Ethereum,ethereum,3710.01,2693.2541572110663
2024-11-06,23:09:02,Ethereum,ethereum,3710.01,2732.925669321108
2024-11-07,00:22:13,Ethereum,ethereum,3710.01,2717.536952936055
2024-11-07,01:01:48,Ethereum,ethereum,3710.01,2723.329536415664
2024-11-07,02:21:32,Ethereum,ethereum,3710.01,2820.221854727408
2024-11-07,03:10:34,Ethereum,ethereum,3710.01,2862.1814457661967
2024-11-07,04:23:52,Ethereum,ethereum,3710.01,2840.1646435641787
2024-11-07,05:12:17,Ethereum,ethereum,3710.01,2839.2876550005194
2024-11-07,06:14:20,Ethereum,ethereum,3710.01,2830.396780049646
2024-11-07,07:08:48,Ethereum,ethereum,3710.01,2804.133778013536
2024-11-07,08:04:53,Ethereum,ethereum,3710.01,2819.8280098933146
2024-11-07,09:16:23,Ethereum,ethereum,3710.01,2822.7424145379464
2024-11-07,10:09:07,Ethereum,ethereum,3710.01,2813.943052351306
2024-11-07,11:13:24,Ethereum,ethereum,3710.01,2819.172443583565
2024-11-07,12:11:56,Ethereum,ethereum,3710.01,2803.5923060979867
2024-11-07,13:06:02,Ethereum,ethereum,3710.01,2817.972401148839
2024-11-07,14:03:00,Ethereum,ethereum,3710.01,2808.208039489025
2024-11-07,15:10:48,Ethereum,ethereum,3710.01,2792.7420414794105
2024-11-07,16:01:07,Ethereum,ethereum,3710.01,2843.981622643806
2024-11-07,17:09:33,Ethereum,ethereum,3710.01,2847.6354842578635
2024-11-07,18:02:24,Ethereum,ethereum,3710.01,2863.1215765955676
2024-11-07,19:05:30,Ethereum,ethereum,3710.01,2879.0083362367895
2024-11-07,20:21:20,Ethereum,ethereum,3710.01,2888.484511422058
2024-11-07,21:20:51,Ethereum,ethereum,3710.01,2901.6084390745673
2024-11-07,22:04:31,Ethereum,ethereum,3710.01,2892.5066490997674
2024-11-07,23:07:52,Ethereum,ethereum,3710.01,2887.1792653841712
2024-11-08,00:09:58,Ethereum,ethereum,3710.01,2900.4698485303757
2024-11-08,01:12:08,Ethereum,ethereum,3710.01,2913.364126946589
2024-11-08,02:06:08,Ethereum,ethereum,3710.01,2918.6835013559967
2024-11-08,03:09:31,Ethereum,ethereum,3710.01,2893.0382199791657
2024-11-08,04:08:30,Ethereum,ethereum,3710.01,2906.456964958217
2024-11-08,05:14:36,Ethereum,ethereum,3710.01,2910.9349521859344
2024-11-08,06:02:37,Ethereum,ethereum,3710.01,2921.8802189918556
2024-11-08,07:13:42,Ethereum,ethereum,3710.01,2902.302810259103
2024-11-08,08:13:59,Ethereum,ethereum,3710.01,2905.540569535828
2024-11-08,09:08:34,Ethereum,ethereum,3710.01,2902.437106008034
2024-11-08,10:00:11,Ethereum,ethereum,3710.01,2917.346209679091
2024-11-08,11:20:37,Ethereum,ethereum,3710.01,2922.5498497120534
2024-11-08,12:05:33,Ethereum,ethereum,3710.01,2916.8356496701726
2024-11-08,13:17:06,Ethereum,ethereum,3710.01,2931.434543856898
2024-11-08,14:14:42,Ethereum,ethereum,3710.01,2952.1068051975635
2024-11-08,15:18:38,Ethereum,ethereum,3710.01,2915.6935217715427
2024-11-08,16:15:51,Ethereum,ethereum,3710.01,2934.923967106978
2024-11-08,17:11:02,Ethereum,ethereum,3710.01,2918.1443646709467
2024-11-08,18:13:52,Ethereum,ethereum,3710.01,2920.2453294306238
2024-11-08,19:05:07,Ethereum,ethereum,3710.01,2959.270269132327
2024-11-08,20:17:26,Ethereum,ethereum,3710.01,2953.355183238752
2024-11-08,21:08:47,Ethereum,ethereum,3710.01,2936.160095411654
2024-11-08,22:16:21,Ethereum,ethereum,3710.01,2950.764017483659
2024-11-08,23:19:34,Ethereum,ethereum,3710.01,2961.8143933990114
2024-11-09,00:18:56,Ethereum,ethereum,3710.01,2969.049442358542
2024-11-09,01:14:48,Ethereum,ethereum,3710.01,2985.7795404171857
2024-11-09,02:09:37,Ethereum,ethereum,3710.01,2985.5308051981165
2024-11-09,03:01:40,Ethereum,ethereum,3710.01,2979.1979280917403
2024-11-09,04:20:52,Ethereum,ethereum,3710.01,2966.7331387320496
2024-11-09,05:13:54,Ethereum,ethereum,3710.01,2976.7146332125085
2024-11-09,06:18:23,Ethereum,ethereum,3710.01,3055.50865652266
2024-11-09,07:00:19,Ethereum,ethereum,3710.01,3037.51463471644
2024-11-09,08:09:07,Ethereum,ethereum,3710.01,3031.663395946322
2024-11-09,09:14:26,Ethereum,ethereum,3710.01,3032.3253618700587
2024-11-09,10:11:12,Ethereum,ethereum,3710.01,3048.95922555511
2024-11-09,11:20:43,Ethereum,ethereum,3710.01,3052.7143757619197
2024-11-09,12:04:40,Ethereum,ethereum,3710.01,3054.2830066278275
2024-11-09,13:19:23,Ethereum,ethereum,3710.01,3037.4949434842015
2024-11-09,14:15:55,Ethereum,ethereum,3710.01,3040.578741410862
2024-11-09,15:09:47,Ethereum,ethereum,3710.01,3035.2087181522065
2024-11-09,16:12:10,Ethereum,ethereum,3710.01,3039.5645342589537
2024-11-09,17:02:35,Ethereum,ethereum,3710.01,3030.692039248458
2024-11-09,18:14:22,Ethereum,ethereum,3710.01,3035.727912649203
2024-11-09,19:14:10,Ethereum,ethereum,3710.01,3068.5193646734347
2024-11-09,20:07:13,Ethereum,ethereum,3710.01,3070.2513579338056
2024-11-09,21:16:45,Ethereum,ethereum,3710.01,3079.0212388862938
2024-11-09,22:08:54,Ethereum,ethereum,3710.01,3079.2376539526144
2024-11-09,23:16:51,Ethereum,ethereum,3710.01,3139.931682168576
2024-11-10,00:15:36,Ethereum,ethereum,3710.01,3121.356536374626
2024-11-10,01:13:19,Ethereum,ethereum,3710.01,3113.7949842331655
2024-11-10,02:14:03,Ethereum,ethereum,3710.01,3131.129722123657
2024-11-10,03:12:56,Ethereum,ethereum,3710.01,3128.8701958194247
2024-11-10,04:11:54,Ethereum,ethereum,3710.01,3140.324146715524
2024-11-10,05:08:27,Ethereum,ethereum,3710.01,3196.080123959795
2024-11-10,06:03:30,Ethereum,ethereum,3710.01,3185.8244836054723
2024-11-10,07:16:56,Ethereum,ethereum,3710.01,3189.2641041482075
2024-11-10,08:01:07,Ethereum,ethereum,3710.01,3188.2333818708007
2024-11-10,09:05:04,Ethereum,ethereum,3710.01,3185.4685985663778
2024-11-10,10:06:19,Ethereum,ethereum,3710.01,3192.767461321992
2024-11-10,11:18:41,Ethereum,ethereum,3710.01,3207.8876157476793
2024-11-10,12:14:48,Ethereum,ethereum,3710.01,3214.2513289749704
2024-11-10,13:09:12,Ethereum,ethereum,3710.01,3200.2870526340594
2024-11-10,14:15:56,Ethereum,ethereum,3710.01,3202.5765071735345
2024-11-10,15:08:16,Ethereum,ethereum,3710.01,3192.9239161447313
2024-11-10,16:10:46,Ethereum,ethereum,3710.01,3209.3055709093883
2024-11-10,17:19:25,Ethereum,ethereum,3710.01,3211.6407064639016
2024-11-10,18:19:14,Ethereum,ethereum,3710.01,3228.618721336001
2024-11-10,19:01:14,Ethereum,ethereum,3710.01,3240.2899222809215
2024-11-10,20:08:06,Ethereum,ethereum,3710.01,3175.300361279797
2024-11-10,21:12:50,Ethereum,ethereum,3710.01,3110.647583103333
2024-11-10,22:04:52,Ethereum,ethereum,3710.01,3171.4676504731196
2024-11-10,23:12:51,Ethereum,ethereum,3710.01,3177.5626160424645
2024-11-11,00:22:10,Ethereum,ethereum,3710.01,3190.794588884358
2024-11-11,01:15:47,Ethereum,ethereum,3710.01,3188.4182917333824
2024-11-11,02:16:00,Ethereum,ethereum,3710.01,3201.1146228338907
2024-11-11,03:03:41,Ethereum,ethereum,3710.01,3206.494988574169
2024-11-11,04:08:09,Ethereum,ethereum,3710.01,3194.6731961300684
2024-11-11,05:13:15,Ethereum,ethereum,3710.01,3182.2774978842494
2024-11-11,06:14:48,Ethereum,ethereum,3710.01,3140.323786807132
2024-11-11,07:04:18,Ethereum,ethereum,3710.01,3138.2699834224004
2024-11-11,08:02:41,Ethereum,ethereum,3710.01,3144.409687095056
2024-11-11,09:15:30,Ethereum,ethereum,3710.01,3152.545920851699
2024-11-11,10:19:45,Ethereum,ethereum,3710.01,3191.349685770088
2024-11-11,11:13:35,Ethereum,ethereum,3710.01,3192.3100916901235
2024-11-11,12:01:35,Ethereum,ethereum,3710.01,3201.730448490568
2024-11-11,13:00:55,Ethereum,ethereum,3710.01,3179.683865797251
2024-11-11,14:00:22,Ethereum,ethereum,3710.01,3155.5375371986242
2024-11-11,15:20:32,Ethereum,ethereum,3710.01,3199.332068626262
2024-11-11,16:07:40,Ethereum,ethereum,3710.01,3256.9673548091
2024-11-11,17:15:38,Ethereum,ethereum,3710.01,3298.7585443175603
2024-11-11,18:06:26,Ethereum,ethereum,3710.01,3288.398853968827
2024-11-11,19:08:44,Ethereum,ethereum,3710.01,3322.9530675426477
2024-11-11,20:08:36,Ethereum,ethereum,3710.01,3310.1464899414855
2024-11-11,21:11:32,Ethereum,ethereum,3710.01,3342.529648960872
2024-11-11,22:15:24,Ethereum,ethereum,3710.01,3318.92591563923
2024-11-11,23:13:12,Ethereum,ethereum,3710.01,3358.109839957394
2024-11-12,00:11:24,Ethereum,ethereum,3710.01,3351.010482921223
2024-11-12,01:06:50,Ethereum,ethereum,3710.01,3334.6687727575854
2024-11-12,02:19:27,Ethereum,ethereum,3710.01,3326.3906343959848
2024-11-12,03:18:57,Ethereum,ethereum,3710.01,3315.3677508037927
2024-11-12,04:17:02,Ethereum,ethereum,3710.01,3328.983026489425
2024-11-12,05:02:44,Ethereum,ethereum,3710.01,3330.216096800457
2024-11-12,06:19:53,Ethereum,ethereum,3710.01,3333.81419887556
2024-11-12,07:09:20,Ethereum,ethereum,3710.01,3363.9083836377135
2024-11-12,08:03:30,Ethereum,ethereum,3710.01,3366.7984917117774
2024-11-12,09:18:59,Ethereum,ethereum,3710.01,3396.2431593605183
2024-11-12,10:09:56,Ethereum,ethereum,3710.01,3347.289151011968
2024-11-12,11:00:56,Ethereum,ethereum,3710.01,3272.5356019829337
2024-11-12,12:13:07,Ethereum,ethereum,3710.01,3300.0340354418313
2024-11-12,13:04:02,Ethereum,ethereum,3710.01,3240.631195969572
2024-11-12,14:16:20,Ethereum,ethereum,3710.01,3251.8646371306095
2024-11-12,15:21:36,Ethereum,ethereum,3710.01,3261.7456873909578
2024-11-12,16:09:45,Ethereum,ethereum,3710.01,3270.4460603938987
2024-11-12,17:11:56,Ethereum,ethereum,3710.01,3262.20230375655
2024-11-12,18:14:43,Ethereum,ethereum,3710.01,3243.220227620654
2024-11-12,19:01:32,Ethereum,ethereum,3710.01,3291.1612279566507
2024-11-12,20:03:12,Ethereum,ethereum,3710.01,3273.9128653210296
2024-11-12,21:01:00,Ethereum,ethereum,3710.01,3293.9397261579015
2024-11-12,22:13:23,Ethereum,ethereum,3710.01,3261.60566360837
2024-11-12,23:06:38,Ethereum,ethereum,3710.01,3273.0571519858054
2024-11-13,00:17:07,Ethereum,ethereum,3710.01,3239.0401473811303
2024-11-13,01:10:50,Ethereum,ethereum,3710.01,3255.7504464776703
2024-11-13,02:10:48,Ethereum,ethereum,3710.01,3276.095711247168
2024-11-13,03:11:26,Ethereum,ethereum,3710.01,3249.5874779953674
2024-11-13,04:01:43,Ethereum,ethereum,3710.01,3231.4320045022223
2024-11-13,05:02:05,Ethereum,ethereum,3710.01,3196.860277421586
2024-11-13,06:01:27,Ethereum,ethereum,3710.01,3142.5117827019762
2024-11-13,07:05:16,Ethereum,ethereum,3710.01,3132.4152975916195
2024-11-13,08:04:22,Ethereum,ethereum,3710.01,3161.378233377458
2024-11-13,09:00:38,Ethereum,ethereum,3710.01,3169.755146435874
2024-11-13,10:01:42,Ethereum,ethereum,3710.01,3167.3699347833563
2024-11-13,11:05:58,Ethereum,ethereum,3710.01,3177.0382426387014
2024-11-13,12:07:57,Ethereum,ethereum,3710.01,3174.8721589796187
2024-11-13,13:00:26,Ethereum,ethereum,3710.01,3176.468707029806
2024-11-13,14:07:43,Ethereum,ethereum,3710.01,3215.022862346252
2024-11-13,15:01:04,Ethereum,ethereum,3710.01,3330.5470960739826
2024-11-13,16:00:59,Ethereum,ethereum,3710.01,3308.9296949138215
2024-11-13,17:03:45,Ethereum,ethereum,3710.01,3289.195820651325
2024-11-13,18:03:41,Ethereum,ethereum,3710.01,3278.2233894125716
2024-11-13,19:08:50,Ethereum,ethereum,3710.01,3257.7352405548204
2024-11-13,20:02:28,Ethereum,ethereum,3710.01,3162.748999897562
2024-11-13,21:07:16,Ethereum,ethereum,3710.01,3139.9788096293305
2024-11-13,22:02:16,Ethereum,ethereum,3710.01,3148.0849487370547
2024-11-13,23:02:48,Ethereum,ethereum,3710.01,3181.388482469604
2024-11-14,00:05:21,Ethereum,ethereum,3710.01,3194.053506791046
2024-11-14,01:00:26,Ethereum,ethereum,3710.01,3194.1002052391573
2024-11-14,02:08:59,Ethereum,ethereum,3710.01,3207.0846128235635
2024-11-14,03:07:12,Ethereum,ethereum,3710.01,3207.821505376485
2024-11-14,04:06:32,Ethereum,ethereum,3710.01,3203.7315156159652
2024-11-14,05:10:09,Ethereum,ethereum,3710.01,3231.5495131193347
2024-11-14,06:05:59,Ethereum,ethereum,3710.01,3223.70225414699
2024-11-14,07:03:20,Ethereum,ethereum,3710.01,3188.1264851793594
2024-11-14,08:08:13,Ethereum,ethereum,3710.01,3223.329264218052
2024-11-14,09:04:18,Ethereum,ethereum,3710.01,3204.7515490446094
2024-11-14,10:03:42,Ethereum,ethereum,3710.01,3209.83208558899
2024-11-14,11:00:45,Ethereum,ethereum,3710.01,3193.4461756669284
2024-11-14,12:02:15,Ethereum,ethereum,3710.01,3185.9992231098213
2024-11-14,13:09:23,Ethereum,ethereum,3710.01,3190.7332814119795
2024-11-14,14:06:42,Ethereum,ethereum,3710.01,3176.3242342815397
2024-11-14,15:02:34,Ethereum,ethereum,3710.01,3101.0198873806044
2024-11-14,16:08:36,Ethereum,ethereum,3710.01,3063.7403528219807
2024-11-14,17:01:01,Ethereum,ethereum,3710.01,3157.1800932392425
2024-11-14,18:02:05,Ethereum,ethereum,3710.01,3137.049763949245
2024-11-14,19:02:12,Ethereum,ethereum,3710.01,3132.962500353285
2024-11-14,20:02:03,Ethereum,ethereum,3710.01,3143.8562141151924
2024-11-14,21:01:55,Ethereum,ethereum,3710.01,3101.8747567761475
2024-11-14,22:07:37,Ethereum,ethereum,3710.01,3120.7639767085097
2024-11-14,23:03:29,Ethereum,ethereum,3710.01,3091.0106708375715
2024-11-15,00:00:52,Ethereum,ethereum,3710.01,3059.812296932496
2024-11-15,01:07:42,Ethereum,ethereum,3710.01,3068.233882078281
2024-11-15,02:07:31,Ethereum,ethereum,3710.01,3059.354191246718
2024-11-15,03:10:26,Ethereum,ethereum,3710.01,3080.3940879457664
2024-11-15,04:03:20,Ethereum,ethereum,3710.01,3083.820638728608
2024-11-15,05:07:35,Ethereum,ethereum,3710.01,3034.387472965864
2024-11-15,06:05:32,Ethereum,ethereum,3710.01,3056.742030303576
2024-11-15,07:02:00,Ethereum,ethereum,3710.01,3067.5742414981974
2024-11-15,08:01:20,Ethereum,ethereum,3710.01,3043.816922363954
2024-11-15,09:08:21,Ethereum,ethereum,3710.01,3073.8468471673737
2024-11-15,10:10:08,Ethereum,ethereum,3710.01,3093.8492724247585
2024-11-15,11:10:34,Ethereum,ethereum,3710.01,3104.634174008715
2024-11-15,12:03:16,Ethereum,ethereum,3710.01,3106.0486777889796
2024-11-15,13:04:03,Ethereum,ethereum,3710.01,3100.740940894517
2024-11-15,14:03:10,Ethereum,ethereum,3710.01,3099.940255109368
2024-11-15,15:04:02,Ethereum,ethereum,3710.01,3056.2686609756106
2024-11-15,16:11:16,Ethereum,ethereum,3710.01,3035.920049276216
2024-11-15,17:07:30,Ethereum,ethereum,3710.01,3039.3185275054234
2024-11-15,18:06:33,Ethereum,ethereum,3710.01,3038.5877170825243
2024-11-15,19:09:10,Ethereum,ethereum,3710.01,3018.519307089277
2024-11-15,20:05:57,Ethereum,ethereum,3710.01,3046.166255187993
2024-11-15,21:05:19,Ethereum,ethereum,3710.01,3091.250936388887
2024-11-15,22:12:29,Ethereum,ethereum,3710.01,3081.935910759538
2024-11-15,23:11:48,Ethereum,ethereum,3710.01,3107.439819175982
2024-11-16,00:10:34,Ethereum,ethereum,3710.01,3091.964269310762
2024-11-16,01:10:44,Ethereum,ethereum,3710.01,3095.7996317345937
2024-11-16,02:06:10,Ethereum,ethereum,3710.01,3098.2018007728007
2024-11-16,03:04:56,Ethereum,ethereum,3710.01,3111.9662660908903
2024-11-16,04:11:03,Ethereum,ethereum,3710.01,3146.8803384658545
2024-11-16,05:03:47,Ethereum,ethereum,3710.01,3134.2330326946258
2024-11-16,06:08:01,Ethereum,ethereum,3710.01,3129.993817971591
2024-11-16,07:00:33,Ethereum,ethereum,3710.01,3120.273160762744
2024-11-16,08:12:36,Ethereum,ethereum,3710.01,3110.1379757478308
2024-11-16,09:04:54,Ethereum,ethereum,3710.01,3120.89952325638
2024-11-16,10:11:28,Ethereum,ethereum,3710.01,3120.0025653085386
2024-11-16,11:12:13,Ethereum,ethereum,3710.01,3127.832252269479
2024-11-16,12:09:01,Ethereum,ethereum,3710.01,3200.213564281121
2024-11-16,13:02:08,Ethereum,ethereum,3710.01,3175.630010117565
2024-11-16,14:02:52,Ethereum,ethereum,3710.01,3167.8851163241034
2024-11-16,15:01:39,Ethereum,ethereum,3710.01,3168.664656604073
2024-11-16,16:07:04,Ethereum,ethereum,3710.01,3136.48228666576
2024-11-16,17:02:33,Ethereum,ethereum,3710.01,3146.8684204001534
2024-11-16,18:02:16,Ethereum,ethereum,3710.01,3166.857478620841
2024-11-16,19:04:48,Ethereum,ethereum,3710.01,3181.0356729208406
2024-11-16,20:04:32,Ethereum,ethereum,3710.01,3171.5611780943673
2024-11-16,21:10:34,Ethereum,ethereum,3710.01,3154.533762960318
2024-11-16,22:03:37,Ethereum,ethereum,3710.01,3157.8064707806484
2024-11-16,23:01:23,Ethereum,ethereum,3710.01,3142.511506071174
2024-11-17,00:02:11,Ethereum,ethereum,3710.01,3133.186643256793
2024-11-17,01:00:29,Ethereum,ethereum,3710.01,3151.353334896878
2024-11-17,02:07:32,Ethereum,ethereum,3710.01,3074.897708700428
2024-11-17,03:04:05,Ethereum,ethereum,3710.01,3066.1315585039333
2024-11-17,04:04:19,Ethereum,ethereum,3710.01,3081.011644461222
2024-11-17,05:04:19,Ethereum,ethereum,3710.01,3117.7021940200502
2024-11-17,06:04:42,Ethereum,ethereum,3710.01,3102.486198573383
2024-11-17,07:04:52,Ethereum,ethereum,3710.01,3133.5659176065274
2024-11-17,08:07:21,Ethereum,ethereum,3710.01,3133.4019520138163
2024-11-17,09:11:54,Ethereum,ethereum,3710.01,3159.554318754174
2024-11-17,10:01:29,Ethereum,ethereum,3710.01,3142.521533321023
2024-11-17,11:03:33,Ethereum,ethereum,3710.01,3139.9392399579683
2024-11-17,12:12:11,Ethereum,ethereum,3710.01,3112.7327929889593
2024-11-17,13:13:54,Ethereum,ethereum,3710.01,3114.4301768961373
2024-11-17,14:10:36,Ethereum,ethereum,3710.01,3106.935882531018
2024-11-17,15:09:04,Ethereum,ethereum,3710.01,3081.792510601564
2024-11-17,16:06:17,Ethereum,ethereum,3710.01,3079.2068808344397
2024-11-17,17:07:25,Ethereum,ethereum,3710.01,3092.4778957437106
2024-11-17,18:12:31,Ethereum,ethereum,3710.01,3098.9017908318606
2024-11-17,19:13:11,Ethereum,ethereum,3710.01,3079.5081770600455
2024-11-17,20:09:08,Ethereum,ethereum,3710.01,3099.9766689710355
2024-11-17,21:03:53,Ethereum,ethereum,3710.01,3072.7808419565677
2024-11-17,22:12:52,Ethereum,ethereum,3710.01,3058.133339069359
2024-11-17,23:10:59,Ethereum,ethereum,3710.01,3071.53784133334
2024-11-18,00:11:06,Ethereum,ethereum,3710.01,3080.1552836148176
2024-11-18,01:03:06,Ethereum,ethereum,3710.01,3103.9338450004866
2024-11-18,02:04:21,Ethereum,ethereum,3710.01,3115.280009358733
2024-11-18,03:12:18,Ethereum,ethereum,3710.01,3102.2998391539195
2024-11-18,04:02:38,Ethereum,ethereum,3710.01,3110.6702544486184
2024-11-18,05:00:52,Ethereum,ethereum,3710.01,3099.7469376657396
2024-11-18,06:04:56,Ethereum,ethereum,3710.01,3113.3424316913615
2024-11-18,07:07:39,Ethereum,ethereum,3710.01,3147.1083322683853
2024-11-18,08:11:59,Ethereum,ethereum,3710.01,3128.864355202819
2024-11-18,09:13:06,Ethereum,ethereum,3710.01,3119.3812468707065
2024-11-18,10:11:47,Ethereum,ethereum,3710.01,3110.310018938966
2024-11-18,11:00:18,Ethereum,ethereum,3710.01,3118.3632807916947
2024-11-18,12:03:56,Ethereum,ethereum,3710.01,3056.8010628968045
2024-11-18,13:10:30,Ethereum,ethereum,3710.01,3079.1159460772105
2024-11-18,14:02:03,Ethereum,ethereum,3710.01,3061.3593195208114
2024-11-18,15:00:56,Ethereum,ethereum,3710.01,3081.8547103817687
2024-11-18,16:07:40,Ethereum,ethereum,3710.01,3141.0684023901636
2024-11-18,17:09:40,Ethereum,ethereum,3710.01,3169.830951486196
2024-11-18,18:12:58,Ethereum,ethereum,3710.01,3174.6114157779
2024-11-18,19:08:16,Ethereum,ethereum,3710.01,3167.0966871501046
2024-11-18,20:10:13,Ethereum,ethereum,3710.01,3132.7660655739833
2024-11-18,21:06:30,Ethereum,ethereum,3710.01,3168.58867124918
2024-11-18,22:00:32,Ethereum,ethereum,3710.01,3151.8816352478016
2024-11-18,23:04:53,Ethereum,ethereum,3710.01,3153.676166922392
2024-11-19,00:03:38,Ethereum,ethereum,3710.01,3206.3975238220905
2024-11-19,01:03:48,Ethereum,ethereum,3710.01,3167.632419189835
2024-11-19,02:12:23,Ethereum,ethereum,3710.01,3152.5253137234226
2024-11-19,03:02:11,Ethereum,ethereum,3710.01,3159.160604835778
2024-11-19,04:04:42,Ethereum,ethereum,3710.01,3152.1177714791947
2024-11-19,05:05:43,Ethereum,ethereum,3710.01,3138.5737629325617
2024-11-19,06:04:10,Ethereum,ethereum,3710.01,3138.9431092145396
2024-11-19,07:03:52,Ethereum,ethereum,3710.01,3133.009547586309
2024-11-19,08:01:29,Ethereum,ethereum,3710.01,3123.0499003659897
2024-11-19,09:04:31,Ethereum,ethereum,3710.01,3120.5548874681194
2024-11-19,10:07:59,Ethereum,ethereum,3710.01,3114.9435456802985
2024-11-19,11:00:39,Ethereum,ethereum,3710.01,3121.9942858927907
2024-11-19,12:04:11,Ethereum,ethereum,3710.01,3127.843917929883
2024-11-19,13:04:56,Ethereum,ethereum,3710.01,3137.931406432027
2024-11-19,14:04:48,Ethereum,ethereum,3710.01,3095.271277614055
2024-11-19,15:02:19,Ethereum,ethereum,3710.01,3104.420561663386
2024-11-19,16:12:45,Ethereum,ethereum,3710.01,3106.3372900775735
2024-11-19,17:13:51,Ethereum,ethereum,3710.01,3119.2775133361524
2024-11-19,18:14:36,Ethereum,ethereum,3710.01,3128.6608838620014
2024-11-19,19:09:40,Ethereum,ethereum,3710.01,3126.905179556258
2024-11-19,20:09:21,Ethereum,ethereum,3710.01,3129.137835643137
2024-11-19,21:03:54,Ethereum,ethereum,3710.01,3103.6013264027965
2024-11-19,22:05:50,Ethereum,ethereum,3710.01,3098.014732843907
2024-11-19,23:11:46,Ethereum,ethereum,3710.01,3104.1268207693274
2024-11-20,00:06:51,Ethereum,ethereum,3710.01,3110.2579394640925
2024-11-20,01:00:57,Ethereum,ethereum,3710.01,3110.6125237335477
2024-11-20,02:11:56,Ethereum,ethereum,3710.01,3095.6577884119965
2024-11-20,03:05:50,Ethereum,ethereum,3710.01,3093.276343556129
2024-11-20,04:08:47,Ethereum,ethereum,3710.01,3096.7435525436363
2024-11-20,05:14:48,Ethereum,ethereum,3710.01,3097.1536388151444
2024-11-20,06:13:38,Ethereum,ethereum,3710.01,3114.6259412524287
2024-11-20,07:03:33,Ethereum,ethereum,3710.01,3107.5354728976863
2024-11-20,08:08:15,Ethereum,ethereum,3710.01,3111.603292083589
2024-11-20,09:09:28,Ethereum,ethereum,3710.01,3125.8613866331575
2024-11-20,10:12:21,Ethereum,ethereum,3710.01,3121.6672664833523
2024-11-20,11:11:56,Ethereum,ethereum,3710.01,3105.403468123184
2024-11-20,12:04:22,Ethereum,ethereum,3710.01,3108.9885551936272
2024-11-20,13:28:32,Ethereum,ethereum,3710.01,3111.0023873579985
2024-11-20,14:10:13,Ethereum,ethereum,3710.01,3118.091058657345
2024-11-20,15:12:45,Ethereum,ethereum,3710.01,3104.0035115296905
2024-11-20,16:11:49,Ethereum,ethereum,3710.01,3122.039909640145
2024-11-20,17:02:16,Ethereum,ethereum,3710.01,3096.2405493633373
2024-11-20,18:10:27,Ethereum,ethereum,3710.01,3072.8918594950487
2024-11-20,19:10:20,Ethereum,ethereum,3710.01,3053.1413515117797
2024-11-20,20:12:37,Ethereum,ethereum,3710.01,3056.8238827402847
2024-11-20,21:09:02,Ethereum,ethereum,3710.01,3075.573667819632
2024-11-20,22:02:40,Ethereum,ethereum,3710.01,3079.5220332445715
2024-11-20,23:06:11,Ethereum,ethereum,3710.01,3075.3668337686845
2024-11-21,00:11:58,Ethereum,ethereum,3710.01,3075.0900985869234
2024-11-21,01:11:59,Ethereum,ethereum,3710.01,3089.1319604422347
2024-11-21,02:02:46,Ethereum,ethereum,3710.01,3084.252886268714
2024-11-21,03:07:52,Ethereum,ethereum,3710.01,3063.3783962733883
2024-11-21,04:02:58,Ethereum,ethereum,3710.01,3090.0508346296083
2024-11-21,05:10:45,Ethereum,ethereum,3710.01,3137.6560353734317
2024-11-21,06:02:13,Ethereum,ethereum,3710.01,3117.575991057733
2024-11-21,07:03:24,Ethereum,ethereum,3710.01,3119.57400822018
2024-11-21,08:10:14,Ethereum,ethereum,3710.01,3139.0254535527765
2024-11-21,09:06:28,Ethereum,ethereum,3710.01,3145.1585226318434
2024-11-21,10:06:27,Ethereum,ethereum,3710.01,3127.1312700661874
2024-11-21,11:12:11,Ethereum,ethereum,3710.01,3149.46797731404
2024-11-21,12:11:46,Ethereum,ethereum,3710.01,3175.5855623455077
2024-11-21,13:14:26,Ethereum,ethereum,3710.01,3318.796213962739
2024-11-21,14:10:47,Ethereum,ethereum,3710.01,3348.164847392486
2024-11-21,15:10:54,Ethereum,ethereum,3710.01,3324.7848909073414
2024-11-21,16:04:44,Ethereum,ethereum,3710.01,3284.3068648838466
2024-11-21,17:08:20,Ethereum,ethereum,3710.01,3321.63618753281
2024-11-21,18:07:24,Ethereum,ethereum,3710.01,3358.425266092113
2024-11-21,19:10:47,Ethereum,ethereum,3710.01,3379.3395359519536
2024-11-21,20:08:55,Ethereum,ethereum,3710.01,3356.4004390551577
2024-11-21,21:09:52,Ethereum,ethereum,3710.01,3346.6526014847404
2024-11-21,22:03:04,Ethereum,ethereum,3710.01,3349.4090321076733
2024-11-21,23:05:25,Ethereum,ethereum,3710.01,3375.1579478271788
2024-11-22,00:01:18,Ethereum,ethereum,3710.01,3360.4659609051787
2024-11-22,01:13:33,Ethereum,ethereum,3710.01,3322.744013148632
2024-11-22,02:00:37,Ethereum,ethereum,3710.01,3324.9302059248002
2024-11-22,03:14:11,Ethereum,ethereum,3710.01,3333.311495860629
2024-11-22,04:12:41,Ethereum,ethereum,3710.01,3369.7234143784676
2024-11-22,05:06:03,Ethereum,ethereum,3710.01,3395.772233529889
2024-11-22,06:10:35,Ethereum,ethereum,3710.01,3384.401104517742
2024-11-22,07:04:07,Ethereum,ethereum,3710.01,3374.6524396968216
2024-11-22,08:02:52,Ethereum,ethereum,3710.01,3368.00069250108
2024-11-22,09:01:27,Ethereum,ethereum,3710.01,3375.2354164033445
2024-11-22,10:00:21,Ethereum,ethereum,3710.01,3364.9846937235025
2024-11-22,11:12:31,Ethereum,ethereum,3710.01,3332.4660246799986
2024-11-22,12:03:34,Ethereum,ethereum,3710.01,3346.982363603709
2024-11-22,13:09:32,Ethereum,ethereum,3710.01,3346.5455196347625
2024-11-22,14:05:18,Ethereum,ethereum,3710.01,3293.7397622031604
2024-11-22,15:07:53,Ethereum,ethereum,3710.01,3290.121592279032
2024-11-22,16:12:42,Ethereum,ethereum,3710.01,3303.729838125895
2024-11-22,17:01:15,Ethereum,ethereum,3710.01,3316.737427865859
2024-11-22,18:11:24,Ethereum,ethereum,3710.01,3301.6164249597405
2024-11-22,19:00:13,Ethereum,ethereum,3710.01,3285.378336246834
2024-11-22,20:00:51,Ethereum,ethereum,3710.01,3284.252275149774
2024-11-22,21:10:51,Ethereum,ethereum,3710.01,3293.191852506751
2024-11-22,22:07:28,Ethereum,ethereum,3710.01,3313.845423218429
2024-11-22,23:13:24,Ethereum,ethereum,3710.01,3314.5929003581064
2024-11-23,00:07:23,Ethereum,ethereum,3710.01,3326.870801955107
2024-11-23,01:06:30,Ethereum,ethereum,3710.01,3355.8115586383647
2024-11-23,02:13:05,Ethereum,ethereum,3710.01,3343.973561362051
2024-11-23,03:05:04,Ethereum,ethereum,3710.01,3330.467474053841
2024-11-23,04:11:43,Ethereum,ethereum,3710.01,3346.168115529849
2024-11-23,05:09:11,Ethereum,ethereum,3710.01,3357.555902300609
2024-11-23,06:14:42,Ethereum,ethereum,3710.01,3351.6440090020988
2024-11-23,07:06:26,Ethereum,ethereum,3710.01,3348.196120183424
2024-11-23,08:09:36,Ethereum,ethereum,3710.01,3345.4071097480687
2024-11-23,09:12:22,Ethereum,ethereum,3710.01,3371.0343916092847
2024-11-23,10:13:41,Ethereum,ethereum,3710.01,3364.781973738918
2024-11-23,11:13:53,Ethereum,ethereum,3710.01,3358.0973526364432
2024-11-23,12:08:27,Ethereum,ethereum,3710.01,3357.305546823104
2024-11-23,13:07:53,Ethereum,ethereum,3710.01,3407.094179368865
2024-11-23,14:05:53,Ethereum,ethereum,3710.01,3439.4396685495467
2024-11-23,15:10:24,Ethereum,ethereum,3710.01,3481.1472762481935
2024-11-23,16:13:09,Ethereum,ethereum,3710.01,3471.002592521104
2024-11-23,17:03:25,Ethereum,ethereum,3710.01,3417.3837039150694
2024-11-23,18:14:14,Ethereum,ethereum,3710.01,3418.9673664262714
2024-11-23,19:04:44,Ethereum,ethereum,3710.01,3430.3899299266213
2024-11-23,20:15:19,Ethereum,ethereum,3710.01,3406.0228852352307
2024-11-23,21:05:51,Ethereum,ethereum,3710.01,3407.193340944026
2024-11-23,22:00:57,Ethereum,ethereum,3710.01,3429.0808428636187
2024-11-23,23:01:07,Ethereum,ethereum,3710.01,3408.5927751846357
2024-11-24,00:12:05,Ethereum,ethereum,3710.01,3407.4549658266246
2024-11-24,01:01:27,Ethereum,ethereum,3710.01,3422.8276806236913
2024-11-24,02:04:34,Ethereum,ethereum,3710.01,3434.9808104317576
2024-11-24,03:01:23,Ethereum,ethereum,3710.01,3435.7794733915175
2024-11-24,04:08:48,Ethereum,ethereum,3710.01,3429.4090698913865
2024-11-24,05:05:34,Ethereum,ethereum,3710.01,3416.3798758800303
2024-11-24,06:10:38,Ethereum,ethereum,3710.01,3415.838973683861
2024-11-24,07:02:41,Ethereum,ethereum,3710.01,3429.6764779619207
2024-11-24,08:06:58,Ethereum,ethereum,3710.01,3427.8305932715757
2024-11-24,09:02:09,Ethereum,ethereum,3710.01,3402.761807467599
2024-11-24,10:01:45,Ethereum,ethereum,3710.01,3405.3409015625975
2024-11-24,11:07:13,Ethereum,ethereum,3710.01,3382.6785314884596
2024-11-24,12:05:57,Ethereum,ethereum,3710.01,3354.3307160258087
2024-11-24,13:03:34,Ethereum,ethereum,3710.01,3317.381857762563
2024-11-24,14:11:45,Ethereum,ethereum,3710.01,3308.34875025957
2024-11-24,15:10:43,Ethereum,ethereum,3710.01,3323.2774145311414
2024-11-24,16:07:01,Ethereum,ethereum,3710.01,3305.6979733053186
2024-11-24,17:02:59,Ethereum,ethereum,3710.01,3319.5893393693136
2024-11-24,18:05:38,Ethereum,ethereum,3710.01,3309.171910614818
2024-11-24,19:07:22,Ethereum,ethereum,3710.01,3325.974736620244
2024-11-24,20:11:55,Ethereum,ethereum,3710.01,3330.2387142919524
2024-11-24,21:08:23,Ethereum,ethereum,3710.01,3340.8714617232013
2024-11-24,22:06:42,Ethereum,ethereum,3710.01,3348.8984109967696
2024-11-24,23:09:53,Ethereum,ethereum,3710.01,3366.16871819021
2024-11-25,00:08:14,Ethereum,ethereum,3710.01,3368.6323533732234
2024-11-25,01:01:53,Ethereum,ethereum,3710.01,3356.6814277078765
2024-11-25,03:10:24,Ethereum,ethereum,3710.01,3343.880610831676
2024-11-25,04:03:52,Ethereum,ethereum,3710.01,3367.082497881655
2024-11-25,05:03:12,Ethereum,ethereum,3710.01,3374.1381676637493
2024-11-25,06:13:17,Ethereum,ethereum,3710.01,3390.841777698942
2024-11-25,07:06:03,Ethereum,ethereum,3710.01,3385.3835332086055
2024-11-25,08:07:50,Ethereum,ethereum,3710.01,3408.221562249927
2024-11-25,09:08:16,Ethereum,ethereum,3710.01,3419.794485776995
2024-11-25,10:03:36,Ethereum,ethereum,3710.01,3473.923340290609
2024-11-25,11:14:22,Ethereum,ethereum,3710.01,3501.9829424608865
2024-11-25,12:16:20,Ethereum,ethereum,3710.01,3478.7825658765605
2024-11-25,13:16:13,Ethereum,ethereum,3710.01,3474.332467354044
2024-11-25,14:12:02,Ethereum,ethereum,3710.01,3488.195735459422
2024-11-25,15:09:32,Ethereum,ethereum,3710.01,3410.4457566941237
2024-11-25,16:09:35,Ethereum,ethereum,3710.01,3520.8872920249014
2024-11-25,17:06:45,Ethereum,ethereum,3710.01,3466.319585324234
2024-11-25,18:17:44,Ethereum,ethereum,3710.01,3480.454015525765
2024-11-25,19:04:28,Ethereum,ethereum,3710.01,3446.357551893258
2024-11-25,20:08:36,Ethereum,ethereum,3710.01,3463.450576939897
2024-11-25,21:01:15,Ethereum,ethereum,3710.01,3474.275386754663
2024-11-25,22:06:43,Ethereum,ethereum,3710.01,3424.6031851688836
2024-11-25,23:11:03,Ethereum,ethereum,3710.01,3442.990425417335
2024-11-26,00:07:34,Ethereum,ethereum,3710.01,3407.6322757178846
2024-11-26,01:07:39,Ethereum,ethereum,3710.01,3432.4333798171106
2024-11-26,02:02:17,Ethereum,ethereum,3710.01,3454.4049011644092
2024-11-26,03:04:20,Ethereum,ethereum,3710.01,3446.5599928723004
2024-11-26,04:09:33,Ethereum,ethereum,3710.01,3437.2564631940313
2024-11-26,05:09:19,Ethereum,ethereum,3710.01,3423.546779448051
2024-11-26,06:13:12,Ethereum,ethereum,3710.01,3430.169852146569
2024-11-26,07:08:52,Ethereum,ethereum,3710.01,3417.791236457158
2024-11-26,08:00:30,Ethereum,ethereum,3710.01,3392.526088313153
2024-11-26,09:14:04,Ethereum,ethereum,3710.01,3380.8152974671357
2024-11-26,10:01:50,Ethereum,ethereum,3710.01,3362.961029248412
2024-11-26,11:09:09,Ethereum,ethereum,3710.01,3305.779921858582
2024-11-26,12:01:47,Ethereum,ethereum,3710.01,3325.001056994645
2024-11-26,13:00:57,Ethereum,ethereum,3710.01,3302.3680798986975
2024-11-26,14:08:23,Ethereum,ethereum,3710.01,3299.162866755669
2024-11-26,15:15:58,Ethereum,ethereum,3710.01,3347.2649236321345
2024-11-26,16:04:37,Ethereum,ethereum,3710.01,3297.0804620349686
2024-11-26,17:08:55,Ethereum,ethereum,3710.01,3326.267518826369
2024-11-26,18:03:57,Ethereum,ethereum,3710.01,3326.644035195155
2024-11-26,19:10:26,Ethereum,ethereum,3710.01,3288.30717312049
2024-11-26,20:09:39,Ethereum,ethereum,3710.01,3298.1577063341524
2024-11-26,21:00:51,Ethereum,ethereum,3710.01,3312.3087511305007
2024-11-26,22:02:44,Ethereum,ethereum,3710.01,3323.1429648583744
2024-11-26,23:02:24,Ethereum,ethereum,3710.01,3317.8047364144395
2024-11-27,00:02:25,Ethereum,ethereum,3710.01,3326.4793465710977
2024-11-27,01:00:09,Ethereum,ethereum,3710.01,3314.184732964164
2024-11-27,02:12:21,Ethereum,ethereum,3710.01,3337.237881273387
2024-11-27,03:15:40,Ethereum,ethereum,3710.01,3360.707837442303
2024-11-27,04:09:08,Ethereum,ethereum,3710.01,3360.2917004221285
2024-11-27,05:20:39,Ethereum,ethereum,3710.01,3393.166776624478
2024-11-27,06:16:13,Ethereum,ethereum,3710.01,3413.5364066124257
2024-11-27,07:04:34,Ethereum,ethereum,3710.01,3427.2544211029904
2024-11-27,08:17:59,Ethereum,ethereum,3710.01,3426.1592564560237
2024-11-27,09:00:45,Ethereum,ethereum,3710.01,3420.162207208439
2024-11-27,10:09:50,Ethereum,ethereum,3710.01,3412.9543534876098
2024-11-27,11:05:35,Ethereum,ethereum,3710.01,3458.8374652674866
2024-11-27,12:18:36,Ethereum,ethereum,3710.01,3450.7511873462577
2024-11-27,13:12:03,Ethereum,ethereum,3710.01,3486.4879200127666
2024-11-27,14:14:30,Ethereum,ethereum,3710.01,3486.7906506773534
2024-11-27,15:13:02,Ethereum,ethereum,3710.01,3530.2988306126326
2024-11-27,16:12:29,Ethereum,ethereum,3710.01,3562.316952861153
2024-11-27,17:13:47,Ethereum,ethereum,3710.01,3556.765114090693
2024-11-27,18:07:39,Ethereum,ethereum,3710.01,3569.728755805309
2024-11-27,19:03:23,Ethereum,ethereum,3710.01,3590.5507686595824
2024-11-27,20:01:31,Ethereum,ethereum,3710.01,3605.848643147215
2024-11-27,21:16:25,Ethereum,ethereum,3710.01,3647.8779374901583
2024-11-27,22:10:54,Ethereum,ethereum,3710.01,3645.2183805932773
2024-11-27,23:01:52,Ethereum,ethereum,3710.01,3663.848907516152
2024-11-28,00:02:21,Ethereum,ethereum,3710.01,3666.1884904377557
2024-11-28,01:00:38,Ethereum,ethereum,3710.01,3652.525637757042
2024-11-28,02:15:49,Ethereum,ethereum,3710.01,3631.831928585891
2024-11-28,03:13:29,Ethereum,ethereum,3710.01,3615.034574523957
2024-11-28,04:08:38,Ethereum,ethereum,3710.01,3601.197330817142
2024-11-28,05:10:44,Ethereum,ethereum,3710.01,3615.2145826884407
2024-11-28,06:06:29,Ethereum,ethereum,3710.01,3581.518873974984
2024-11-28,07:06:26,Ethereum,ethereum,3710.01,3594.6524762891086
2024-11-28,08:07:37,Ethereum,ethereum,3710.01,3593.847227880343
2024-11-28,09:04:29,Ethereum,ethereum,3710.01,3628.552561364859
2024-11-28,10:07:43,Ethereum,ethereum,3710.01,3585.0088785333674
2024-11-28,11:12:53,Ethereum,ethereum,3710.01,3608.8061966343826
2024-11-28,12:08:34,Ethereum,ethereum,3710.01,3621.2051452824066
2024-11-28,13:06:57,Ethereum,ethereum,3710.01,3610.732487165745
2024-11-28,14:10:59,Ethereum,ethereum,3710.01,3607.484026135571
2024-11-28,15:02:55,Ethereum,ethereum,3710.01,3562.8035445710107
2024-11-28,16:11:30,Ethereum,ethereum,3710.01,3555.5621832214333
2024-11-28,17:00:51,Ethereum,ethereum,3710.01,3534.442093076524
2024-11-28,18:07:40,Ethereum,ethereum,3710.01,3560.1334899533267
2024-11-28,19:08:31,Ethereum,ethereum,3710.01,3583.395950642489
2024-11-28,20:13:09,Ethereum,ethereum,3710.01,3569.820194443461
2024-11-28,21:12:15,Ethereum,ethereum,3710.01,3572.048161022212
2024-11-28,22:05:55,Ethereum,ethereum,3710.01,3573.129837000764
2024-11-28,23:14:32,Ethereum,ethereum,3710.01,3587.9951641210873
2024-11-29,00:08:58,Ethereum,ethereum,3710.01,3578.7940610328665
2024-11-29,01:14:59,Ethereum,ethereum,3710.01,3563.346425773754
2024-11-29,02:09:07,Ethereum,ethereum,3710.01,3576.8949664480037
2024-11-29,03:08:34,Ethereum,ethereum,3710.01,3592.482264458509
2024-11-29,04:15:27,Ethereum,ethereum,3710.01,3581.9052320378423
2024-11-29,05:00:42,Ethereum,ethereum,3710.01,3577.5248643141435
2024-11-29,06:09:59,Ethereum,ethereum,3710.01,3580.788647007448
2024-11-29,07:05:27,Ethereum,ethereum,3710.01,3564.341705270493
2024-11-29,08:12:25,Ethereum,ethereum,3710.01,3554.262638651803
2024-11-29,09:06:05,Ethereum,ethereum,3710.01,3567.991415294199
2024-11-29,10:07:03,Ethereum,ethereum,3710.01,3571.388471130018
2024-11-29,11:16:16,Ethereum,ethereum,3710.01,3576.1337452313146
2024-11-29,12:11:42,Ethereum,ethereum,3710.01,3597.2070090418256
2024-11-29,13:08:43,Ethereum,ethereum,3710.01,3582.0120569967094
2024-11-29,14:12:29,Ethereum,ethereum,3710.01,3605.256945205471
2024-11-29,15:05:40,Ethereum,ethereum,3710.01,3638.414408411527
2024-11-29,16:18:57,Ethereum,ethereum,3710.01,3617.006446724567
2024-11-29,17:02:05,Ethereum,ethereum,3710.01,3600.532033299157
2024-11-29,18:16:36,Ethereum,ethereum,3710.01,3594.734931905455
2024-11-29,19:02:38,Ethereum,ethereum,3710.01,3577.3047112770423
2024-11-29,20:06:18,Ethereum,ethereum,3710.01,3582.8646163074145
2024-11-29,21:08:15,Ethereum,ethereum,3710.01,3596.7895416959277
2024-11-29,22:08:32,Ethereum,ethereum,3710.01,3593.885491592031
2024-11-29,23:15:27,Ethereum,ethereum,3710.01,3593.387209142246
2024-11-30,00:03:46,Ethereum,ethereum,3710.01,3597.2550250894155
2024-11-30,01:16:25,Ethereum,ethereum,3710.01,3581.810797602005
2024-11-30,02:02:11,Ethereum,ethereum,3710.01,3607.0820805206336
2024-11-30,03:03:48,Ethereum,ethereum,3710.01,3622.0529283964142
2024-11-30,04:06:03,Ethereum,ethereum,3710.01,3652.4322078248006
2024-11-30,05:08:26,Ethereum,ethereum,3710.01,3653.048999621828
2024-11-30,06:13:32,Ethereum,ethereum,3710.01,3706.939685081435
2024-11-30,07:01:28,Ethereum,ethereum,3710.01,3695.375858977358
2024-11-30,08:14:56,Ethereum,ethereum,3710.01,3711.047909859273
2024-11-30,09:11:57,Ethereum,ethereum,3710.01,3690.6676709008625
2024-11-30,10:17:20,Ethereum,ethereum,3710.01,3689.129295979975
2024-11-30,11:16:48,Ethereum,ethereum,3710.01,3654.457219871522
2024-11-30,12:08:33,Ethereum,ethereum,3710.01,3660.903182693274
2024-11-30,13:10:25,Ethereum,ethereum,3710.01,3677.40068589831
2024-11-30,14:13:32,Ethereum,ethereum,3710.01,3680.165981039805
2024-11-30,15:09:39,Ethereum,ethereum,3710.01,3666.469864198992
2024-11-30,16:08:28,Ethereum,ethereum,3710.01,3678.9561406128832
2024-11-30,17:09:00,Ethereum,ethereum,3710.01,3678.3211379380764
2024-11-30,18:10:39,Ethereum,ethereum,3710.01,3681.0003876338633
2024-11-30,19:17:47,Ethereum,ethereum,3710.01,3669.5104193433153
2024-11-30,20:10:00,Ethereum,ethereum,3710.01,3690.990665129014
2024-11-30,21:04:13,Ethereum,ethereum,3710.01,3711.4703907907356
2024-11-30,22:12:32,Ethereum,ethereum,3710.01,3709.807205993504
2024-11-30,23:02:08,Ethereum,ethereum,3710.01,3703.65826732671
2024-12-01,00:03:47,Ethereum,ethereum,3710.01,3706.868153295155
2024-12-01,01:03:57,Ethereum,ethereum,3710.01,3695.014056138084
2024-12-01,02:05:58,Ethereum,ethereum,3710.01,3710.698166618208
2024-12-01,03:09:05,Ethereum,ethereum,3710.01,3671.630267068356
2024-12-01,04:11:59,Ethereum,ethereum,3710.01,3706.8440117797604
2024-12-01,05:14:57,Ethereum,ethereum,3710.01,3694.0583155512672
2024-12-01,06:05:28,Ethereum,ethereum,3710.01,3686.1174347439232
2024-12-01,07:12:53,Ethereum,ethereum,3710.01,3701.438611449126
2024-12-01,08:10:38,Ethereum,ethereum,3710.01,3709.503462592622
2024-12-01,09:00:57,Ethereum,ethereum,3710.01,3714.562205130904
2024-12-01,10:09:05,Ethereum,ethereum,3710.01,3698.984661424683
2024-12-01,11:09:15,Ethereum,ethereum,3710.01,3691.625046721153
2024-12-01,12:17:36,Ethereum,ethereum,3710.01,3693.2107876431182
2024-12-01,13:13:49,Ethereum,ethereum,3710.01,3693.953054827623
2024-12-01,14:13:12,Ethereum,ethereum,3710.01,3707.4665099249664
